nome_lattes,nacionalidade,titulo,idiomas,producoes
Adna Cristina Barbosa de Sousa,Brasil,Doutorado,"['Inglês', 'Espanhol', 'Francês']","Produção bibliográfica
Citações

Web of Science
Total de trabalhos:22
Total de citações:203
Fator H:8
Sousa, Adna C B  Data: 29/01/2002

Artigos completos publicados em periódicos


Ordenar por
Ordem Cronológica
Número de citações Web of science
Número de citações Scopus
Numero de citações Scielo
Primeiro autor
Impacto JCR
Ordem de Importância
1.
BATISTA, FRANCIMAURA CARVALHO MEDEIROS ; ALVES, ALYSSON HENRIQUE DE ALBUQUERQUE ; CRUZ, LUCAS SILVA DA ; MELO, NATTANAEL COSTA ; GRIS, CRISTIANI VIEGAS BRANDÃO ; Sousa, Adna Cristina barbosa de ; Santos, Sharline Florentino de Melo ; ALMEIDA, ANDRÉA FARIAS DE . Evaluation of Chrysodeixis baculovirus infectivity in suspension cultured Sf21 cell line. OBSERVATORIO DE LA ECONOMÍA LATINOAMERICANA, v. 22, p. e5523, 2024.


2.
Sobierajski, GR ; BLAIN, G. C. ; Sousa, A.C.B. ; JUNGMANN, L. ; PEREIRA, G. ; SOUZA, A. P. ; Garcia, A. F. G. . Analysis of the genetic structure and diversity of a Brazilian Macadamia nut (Macadamia integrifolia) germplasm. Crop Breeding and Applied Biotechnology, v. 22, p. 16-30, 2022.


3.
QUEIROZ, C. ; Sousa, Adna CB. . Production of hydrolytic enzymes by filament fungi in different solid substrates. Brazilian Journal of Development, v. 6, p. 51849-51860, 2020.


4.
OLIVEIRA, J. F. ; ZENAIDE-NETO, H. ; Sousa, Adna CB. ; ARRUDA, R. R. A. ; GOMES, U. V. R. . Presence of filamentous fungi in powder and semiaqueous makeup. Brazilian Journal of Development, v. 6, p. 54029-54039, 2020.


5.
PAIVA-GUIMARAES, A. G. L. ; LUNA-FREIRE, K. R. ; SANTOS, S. F. M. ; ALMEIDA, A. F. ; Adna CB Sousa . Alternative substrates for conidiogenesis of the entomopathogenic fungus Beauveria bassiana (Bals) Vuillemin (Deuteromycotina: Hyphomycetes). BRAZILIAN JOURNAL OF BIOLOGY (ONLINE), p. 1-9, 2019. Citações:6|9


6.
OLIVEIRA, JÔNATAS CHAGAS DE ; RUFINO, POLINAR BANDEIRA ; AZÊVEDO, HELLEN SANDRA FREIRES DA SILVA ; Sousa, Adna Cristina barbosa de ; ASSIS, GISELLE MARIANO LESSA DE ; SILVA, LUCIELIO MANOEL DA ; Sebbenn, Alexandre Magno ; CAMPOS, TATIANA DE . Inferring mating system parameters in forage peanut, Arachis pintoi, for Brazilian Amazon conditions. ACTA AMAZONICA, v. 49, p. 277-282, 2019. Citações:2|2


7.
GUEDES, T. P. ; BONIFACIO, T. T. C. ; DOURADO, R. ; CAVALCANTI, T. G. ; DIAS, D. S. B. ; SOUSA ACB ; GOMES, U. V. R. . Identification of ascomycetes recovered from petrol stations in the metropolitan region of João Pessoa-PB, Brazil. INTERNATIONAL JOURNAL OF ENGINEERING RESEARCH AND APPLICATIONS (IJERA), v. 8, p. 50-55, 2018.


8.
Adna CB Sousa; PAIVA-GUIMARAES, A. G. L. ; BEZERRA, N. S. ; ALMEIDA, A. F. . Avaliação de substratos brutos alternativos para produção do fungo entomopatogênico Beauveria bassiana (Bals) Vuillemin (Deuteromycotina: Hyphomycetes). REVISTA SAÚDE & CIÊNCIA ONLINE, v. 7, p. 379-396, 2018.


9.
DIAS, E. C. ; ANDRADE, A. S. A. ; SILVA, A. L. E. ; DIAS, C. H. A. ; Adna CB Sousa ; ALMEIDA, A. F. . Utilização do extrato aquoso da algaroba na produção de biossurfactantes por Bacillus subtilis. REVISTA SAÚDE & CIÊNCIA ONLINE, v. 7, p. 397-412, 2018.


10.
SILVA, G. M. A. ; FERREIRA, G. F. ; BEZERRA, N. S. ; TAVARES, L. M. ; ALMEIDA, A. F. ; Adna CB Sousa . produção de amilases e proteases obtidas por Metarhizium anisopliae var. anisopliae através da fermentação em estado sólido. REVISTA SAÚDE & CIÊNCIA ONLINE, v. 7, p. 486-502, 2018.


11.
ANDRADE, A. S. A. ; OLIVEIRA NETO, N. J. ; DIAS, E. C. ; GERVASIO, D. K. L. ; LIMA, M. K. L. ; SANTOS, S. F. M. ; Adna CB Sousa ; ALMEIDA, A. F. . Estudo da produção de enzimas pectinolíticas e celulolíticas por fermentação em estado sólido a partir do bagaço de cajá. REVISTA SAÚDE & CIÊNCIA ONLINE, v. 7, p. 457-472, 2018.


12.
Azevedo, HSFS ; Sousa, Adna Cristina barbosa de ; MARTINS, K. ; OLIVEIRA4, J. ; YOMURA5, R. ; SILVA5, L. ; VALLS, J. ; ASSIS, G. ; Campos, T. . Genetic diversity of the forage peanut in the Jequitinhonha, São Francisco, and Paranã River valleys of Brazil. GENETICS AND MOLECULAR RESEARCH, v. 15, p. 1-11, 2016. Citações:5|4


13.
GONZAGA1, J. M. S. ; MANOEL1, R. O. ; Sousa, A.C.B. ; Souza, Anete P. ; MORAES, M. L. T. ; FREITAS, M. L. M. ; SEBBENN, A. M. . Pollen contamination and nonrandom mating in a Eucalyptus camaldulensis Dehnh seedling seed orchard. Silvae Genetica, v. 0, p. 1-11, 2016. Citações:14|16


14.
Dantas LG ; ESPOSITO, T. ; Adna Cristina B. de Sousa ; FELIX, L. ; AMORIM, L. L. B. ; Benko-Iseppon AM ; BATALHA FILHO, H. ; HARAND, A. P. . Low genetic diversity and high differentiation among relict populations of the neotropical gymnosperm Podocarpus sellowii (Klotz.) in the Atlantic Forest. GENETICA, v. 143, p. 21-30, 2015. Citações:15|16


15.
MENDONÇA, BARBARA ALESSANDRA ALVES ; Sousa ACB ; Souza, Anete Pereira de ; SCARPASSA, VERA MARGARETE . TEMPORAL GENETIC STRUCTURE OF MAJOR DENGUE VECTOR AEDES AEGYPTI FROM MANAUS, AMAZONAS, BRAZIL. Acta Tropica, v. 1, p. 80-88, 2014. Citações:12|12


16.
LIRA-CORDEIRO, A. ; Formiga, K. M. ; SOUSA, A. C. B. ; ALVES-GOMES, J. ; Batista, J. S. . Isolation and characterization of 24 microsatellite loci for the commercial Amazonian freshwater catfish Brachyplatystoma capapretum (Siluriformes: Pimelodidae). Conservation Genetics Resources, v. 6, p. 165-166, 2014.


17.
Campos, Tatiana ; CUNHA, M. O. ; Sousa, Adna Cristina Barbosa de ; TEIXEIRA, R. B. ; RAPOSO, A. ; Sebbenn, A. M. ; WADT, L. H. O. . Mating system parameters in a high density population of andirobas in the Amazon forest. Pesquisa Agropecuária Brasileira (1977. Impressa), v. 48, p. 504-509, 2013. Citações:6|2|5


18.
GARCIA, M. ; Vigna, B. B. Z. ; Sousa, Adna Cristina Barbosa de ; JUNGMANN, L. ; CIDADE, F. W. ; FRANCISCO, P. ; TOLEDO, G. ; CHIARI, L. ; CARVALHO, M. A. ; JANK, L. ; S., R. M. ; VALLE, C. ; ZUCCHI, M. I. ; SOUZA, A. P. . Molecular genetic variability, population structure and mating system in tropical forages. TROPICAL GRASSLANDS - FORRAJES TROPICALES, v. 1, p. 25-30, 2013. Citações:8


19.
GUIDUGLI, M. C. ; RAMOS, R. F. ; Adna CB Sousa ; CIDADE, F. W. ; Marconi TG ; Mestriner, M A. ; Groppo M ; Alzate-Marin, A. L . Genetic diversity of Metrodorea nigra (Rutaceae) from a small forest remnant in Brazil assessed with microsatellite markers. GENETICS AND MOLECULAR RESEARCH, v. 11, p. 10-16, 2012. Citações:9|8


20.
Santana, G. X. ; Santos, C. H. A. ; Sousa, C. F. S. ; Nascimento, P. R. M. ; Paula-Silva, M. N. ; SOUSA, A. C. B. ; CAMPOS, T. ; Almeida-Val, V. M. F. . Isolation of novel microsatellite markers for tambaqui (Colossoma macropomum, Cuvier 1818), an important freshwater fish of the Amazon. Conservation Genetics Resources (Print), v. 4, p. 197-200, 2012. Citações:5|7


21.
Sousa ACB; CARVALHO, M. A. ; Campos, T. ; Sforça, D. A. ; Zucchi, M. I. ; Jank, L. ; Souza, A. P. ; SOUZA, A. P. . Molecular diversity, genetic structure and mating system of Calopogonium mucunoides Desv.. Genetic Resources and Crop Evolution (Print), v. 59, p. 1449-1464, 2012. Citações:5|6


22.
PEREIRA, R. P. ; Santos, CHA ; NASCIMENTO, P. R. M. ; CLIMACO, G. T. ; Sousa, Adna Cristina Barbosa de ; Campos, T. ; ALMEIDA-VAL, V. M. F. . Isolation of microsatellite loci in the Amazon sailfin catfish Pterygoplichlhys pardalis (Castelneau, 1855) (Teleostei: Loricariidae). Conservation Genetics Resources (Print), v. 4, p. 889-891, 2012. Citações:2|2


23.
SOUSA, A. C. B.; JUNGMANN, L. ; CAMPOS, T. ; Sforça, D. A. ; Boaventura, L. R. ; Silva, G. M. B. ; Zucchi, M. I. ; JANK, L. ; SOUZA, A. P. . Development of microsatellite markers in Guineagrass (Panicum maximum Jacq.) and their transferability to other tropical forage grass species. Plant Breeding, v. 130, p. 104-108, 2011. Citações:5|8


24.
Adna CB Sousa; Godoy, R. ; Sforça, D. A. ; CAMPOS, T. ; Zucchi, M. I. ; JANK, L. ; SOUZA, A. P. . Genetic diversity analysis among pigeonpea genotypes adapted to South American regions based on microsatellite markers. Scientia Agricola (USP. Impresso), v. 68, p. 431-439, 2011. Citações:5|8


25.
Santos, CHA ; Climaco TC ; Sousa, CFS ; Paula-Silva, M. N. ; A. C. B. Sousa ; Farias, I. P. ; Campos, Tatiana ; Almeida-Val, V. M. F. . Permanent Genetic Resources added to Molecular Ecology Resources Database 1 December 2010-31 January 2011. Molecular Ecology Resources (Print), v. 11, p. 586-589, 2011. Citações:30|31


26.
SOUSA, A. C. B.; Carvalho, M. A. ; Ramos, A. K. B. ; CAMPOS, T. ; Sforça, D. A. ; Zucchi, M. I. ; JANK, L. ; SOUZA, A. P. . Genetic studies in Centrosema pubescens benth, a tropical forage legume: the mating system, genetic variability and genetic relationships between Centrosema species. Euphytica (Wageningen), v. 181, p. 223-235, 2011. Citações:4|4


27.
AUSTIN, JAMES D. ; BERTIN, ANGÉLINE ; BÓRQUEZ, JÉSSICA P. ; CÁRDENAS, L. ; CARDOZA, TATIANA BACRY ; CHAPMAN, FRANK ; DE SOUSA, ADNA CRISTINA BARBOSA ; DE SOUZA, ANETE PEREIRA ; DOUGLAS, KORY C. ; ELLWOOD, SIMON R. ; FERRIOL, M. ; GARMENDIA, A. ; GOUIN, NICOLAS ; HARGROVE, JOHN ; JASTI, MADHURI ; KERÄNEN, I. ; KNOTT, K. E. ; KONEC, MARJETA ; KUITUNEN, K. ; LIMA, MARCOS PRADO . Permanent Genetic Resources added to Molecular Ecology Resources Database 1 February 2011-31 March 2011. Molecular Ecology Resources (Print), v. 11, p. 757-758, 2011. Citações:23|24


28.
Campos, Tatiana ; Oblessuc, Paula Rodrigues ; Sforça, Danilo Augusto ; Cardoso, Juliana Morini Kupper ; Baroni, Renata Moro ; Sousa, Adna Cristina Barbosa ; Carbonell, Sérgio Augusto Morais ; Chioratto, Alisson Fernando ; Garcia, Antonio Augusto Franco ; Rubiano, Luciana Benchimol ; Souza, Anete Pereira . Inheritance of growth habit detected by genetic linkage analysis using microsatellites in the common bean (Phaseolus vulgaris L.). Molecular Breeding, v. 27, p. 549-560, 2011. Citações:26|25


29.
Saulo-Machado, A. C. ; Formiga, K. M. ; Ortiz, M. F. ; SOUSA, A. C. B. ; Alves-Gomes, J. A. ; Batista, J. S. . Polymorphic microsatellite DNA markers for the Amazonian catfish Pseudoplatystoma punctifer (Siluriformes: Pimelodidae). Conservation Genetics Resources (Print), v. 3, p. 307-310, 2011. Citações:12|15


30.
Adna Cristina Barbosa de Sousa.; JANK, L. ; CAMPOS, T. ; Sforça D. A. ; Zucchi, M. I. ; Souza, Anete Pereira . Molecular Diversity and Genetic Structure of Guineagrass (Panicum maximum Jacq.), a Tropical Pasture Grass. Tropical Plant Biology, v. 4, p. 185-202, 2011. Citações:11


31.
Vila Nova, M. X. ; Borges LR ; A. C. B. Sousa ; BRASILEIRO, B. T. R. V. ; LIMA, E. A. L. A. ; COSTA, A. F. ; OLIVEIRA, N. T. . Pathogenicity for onion and genetic diversity of isolated of the pathogenic fungus Colletotrichum gloeosporioides (Phyllachoraceae) from the state of Pernambuco, Brazil.. Genetics and Molecular Research, v. 10, p. 311-320, 2011. Citações:9|11


32.
Patricia Marchezi Rosa ; Campos, Tatiana ; Adna CB Sousa ; Sforça, Danilo A. ; Gisele Abigail Montan Torres . Potato cultivar identification using molecular markers. Pesquisa Agropecuária Brasileira (1977. Impressa), v. 45, p. 110-113, 2010. Citações:5|3|5


33.
Adna CB Sousa; CARVALHO, M.A. ; CAMPOS, T. ; Sforça D. A. ; JUNGMANN, L. ; Zucchi, M. I. ; JANK, L. ; Souza, Anete P. . Development and characterization of microsatellite loci for Calopogonium mucunoides. Molecular Ecology Resources (Print), v. 10, p. 576-579, 2010. Citações:37|17


34.
Lima, M. P. ; CAMPOS, T. ; SOUSA, A. C. B. ; SOUZA, A. P. ; Almeida-Val, V. M. F. . Isolation and characterization of microsatellite markers for Cichla monoculus (Agassiz, 1831), an important freshwater fish in the Amazon. Conservation Genetics Resources (Print), v. 10, p. 010-014, 2010. Citações:4|3


35.
JUNGMANN, L. ; Vigna, B.B.Z. ; Boldrini, K.R. ; Sousa, A.C.B. ; do Valle, C.B. ; Resende, R.M.S. ; Pagliarini, M.S. ; Zucchi, M.I. ; de Souza, A.P. . Genetic diversity and population structure analysis of the tropical pasture grass Brachiaria humidicola based on microsatellites, cytogenetics, morphological traits, and geographical origin. Genome (Ottawa. Online), v. 53, p. 698-709, 2010. Citações:32|37


36.
Batista, J. S. ; Farias, I. P. ; Formiga-Aquino, K. ; SOUSA, A. C. B. ; Alves-Gomes, J. A. . DNA microsatellite markers for ¿dourada¿ (Brachyplatystoma rousseauxii, Siluriformes: Pimelodidae), a migratory catfish of utmost importance for fisheries in the Amazon: development, characterization and inter-specific amplification. Conservation Genetics Resources (Print), v. 2, p. 5-10, 2010. Citações:18|17


37.
Francini, I. B. ; SOUSA, A. C. B. ; Sforça, D. A. ; Costa-Pinto, M. F. F. ; CAMPOS, T. ; Nunes-Silva, C. G. ; Zucchi, M. I. ; SOUZA, A. P. ; Carvalho-Zilse, G. A. . Isolation and characterization of microsatellite loci in the stingless bee Melipona interrupta manaosensis (Apidae: Meliponini). Conservation Genetics Resources (Print), v. 2, p. 27-30, 2010. Citações:5|6


38.
Guidugli, Marcela Corbo; Campos, Tatiana ; Sousa, Adna Cristina Barbosa ; Feres, Juliana Massimino ; Sebbenn, Alexandre Magno ; Mestriner, Moacyr Antonio ; Contel, Eucleia Primo Betioli ; Alzate-Marin, Ana Lilia . Development and characterization of 15 microsatellite loci for Cariniana estrellensis and transferability to Cariniana legalis, two endangered tropical tree species. Conservation Genetics, v. 10, p. 1001-1004, 2009. Citações:13|15


39.
Caddah, Mayara K.; Campos, Tatiana ; Sforça, Danilo A. ; Sousa, Adna C. B. ; Carmo E. do Amaral, Maria ; Bittrich, Volker ; Souza, Anete P. . Microsatellite markers isolated from polyploid Kielmeyera coriacea Mart. & Zucc. (Clusiaceae) from an enriched genomic library. Conservation Genetics, v. 10, p. 1533-1535, 2009. Citações:5|5


40.
Sousa, C. F. S. ; Santos, C. H. A. ; SOUSA, A. C. B. ; Paula-Silva, M. N. ; SOUZA, A. P. ; Farias, I. P. ; Ferreira-Nozawa, M. S. ; Almeida-Val, V. M. F. . Development and characterization of microsatellite markers in Astronotus crassipinis (Heckel, 1840). Conservation Genetics Resources (Print), v. 1, p. 277-280, 2009. Citações:3|2


41.
Silva, Janete Motta ; Sousa, Adna Cristina Barbosa ; Souza, Anete Pereira ; Mori, Edson Seizo ; Freitas, Miguel Luiz Menezes ; Sebbenn, Alexandre Magno ; Moraes, Mario Luiz Teixeira . Development and characterization of 14 microsatellite loci from an enriched genomic library of Eucalyptus camaldulensis Dehnh. Conservation Genetics Resources (Print), v. 1, p. 465-469, 2009. Citações:8|10


42.
Oliveira, Eddy J. F. ; Freitas, Geusa S. ; Fonseca, Aline S. ; Sousa, Adna C. B. ; Campos, Tatiana ; Assis, Amanda F. ; Souza, Anete P. ; Contel, Eucleia P. B. ; Soares, Ademilson E. E. . Isolation and characterization of microsatellite markers from the stingless bee Nannotrigona testaceicornis. Conservation Genetics Resources (Print), v. 1, p. 97-99, 2009. Citações:6|6


43.
SOUSA, A. C. B.; Carvalho, M. A. ; Boaventura, L. R. ; Sforça, D. A. ; CAMPOS, T. ; JUNGMANN, L. ; Zucchi, M. I. ; JANK, L. ; SOUZA, A. P. . Microsatellite markers in tropical legume (Centrosema pubescens Benth): development, characterization, and cross-species amplification in Centrosema sp. Conservation Genetics Resources (Print), v. 1, p. 347-352, 2009. Citações:2|2


44.
JUNGMANN, L. ; Vigna, B. B. Z. ; PAIVA, J. ; SOUSA, A. C. B. ; do Valle, C. B. ; Laborda, P. R. ; Zucchi, M. I. ; SOUZA, A. P. . Development of microsatellite markers for Brachiaria humidicola (Rendle) Schweick. Conservation Genetics Resources (Print), v. 1, p. 475-479, 2009. Citações:14|16


45.
Francini, I. B. ; Sforça, D. A. ; SOUSA, A. C. B. ; CAMPOS, T. ; CIDADE, F. W. ; Zucchi, M. I. ; SOUZA, A. P. ; Nunes-Silva, C. G. ; Carvalho-Zilse, Gislene Almeida . Microsatellite loci for an endemic stingless bee Melipona seminigra merrillae (Apidae, Meliponini) from Amazon. Conservation Genetics Resources (Print), v. 1, p. 487-490, 2009. Citações:7|8


46.
JUNGMANN, L. ; SOUSA, A. C. B. ; PAIVA, J. ; Francisco, P. M. ; Vigna, B. B. Z. ; do Valle, C. B. ; Zucchi, M. I. ; SOUZA, A. P. . Isolation and characterization of microsatellite markers for Brachiaria brizantha (Hochst. ex A. Rich.) Stap. Conservation Genetics, v. 10, p. 1873-1876, 2009. Citações:12|15


47.
PAGGI, G. M. ; PALMA-SILVA, C. ; BERED, F. ; CIDADE, F. W. ; SOUSA, A. C. B. ; SOUZA, A. P. ; WENDT, T. ; LEXER, C. ; Sousa, Adna CB . Isolation and characterization of microsatellite loci in Pitcairnia albiflos (Bromeliaceae), an endemic bromeliad from the Atlantic Rainforest, and cross-amplification in other species. Molecular Ecology Resources (Print), v. 8, p. 980-982, 2008. Citações:29|29


Livros publicados/organizados ou edições

1.
ALBUQUERQUE, V. T. N. ; Sousa, Adna CB. ; LUNA-FREIRE, K. R. . Cultivo Axênico De Pleurotus Ostreatus Var. Florida. 1. ed. Republic of Moldova, Europe: Dodo Books Indian Ocean and OmniScriptum S. R. L Publishing Group, 2024. v. 1. 85p .


2.
MARINHO, ; Sousa, Adna CB. . CULTIVO DO SHIMEJI-PRETO EM RESÍDUOS AGROINDUSTRIAIS. 1. ed. Europe: Dodo Books Indian Ocean and OmniScriptum S. R. L Publishing Group, 2024. v. 1. 71p .


3.
BARROS, M. C. ; LUNA-FREIRE, K. R. ; Adna Cristina Barbosa de Sousa. . PRODUÇÃO DE Pleurotus ostreatus EM RESÍDUOS AGROINDUSTRIAIS. 1. ed. Europe: Dodo Books Indian Ocean and OmniScriptum S. R. L Publishing Group, 2023. v. 1. 85p .


4.
SILVA, A. D. P. ; Adna Cristina Barbosa de Sousa. . Beauveria spp.: agentes de biocontrole. 1. ed. ,Republic of Moldova: Dodo Books Indian Ocean and OmniScriptum S. R. L Publishing Group, 2023. v. 1. 97p .


5.
Sousa, A.C.B.; SILVA, G. M. A. ; ALMEIDA, A. F. . PRODUÇÃO DE CONÍDIOS E ENZIMAS POR FUNGOS ENTOMOPATOGÊNICOS. 1. ed. Republic of Modova Europe: Dodo Books Indian Ocean Ltd, 2022. v. 1. 73p .


6.
DE SOUSA, A.C.B.; Bandeira LBP . EFEITO DE PRODUTOS FITOSSANITÁRIOS SOBRE Beauveria bassiana. 1. ed. Germany: SIA OmniScriptum Publishing, 2021. v. 1. 61p .


7.
Sousa, A.C.B.; SOUSA, J. F. . COADUNABILIDADE ENTRE Aspergillus sp. NA01 E AGROQUÍMICOS. 1. ed. Republic of Modova Europe: OmniScriptum S.R.L. Publishing Group, 2021. v. 1. 53p .


8.
Martins EA ; Sousa, A.C.B. . Biocontrole da lagarta-rosca Agrotis ipsilon. 1. ed. Chisinau: OmniScriptum S.R.L. Publishing Group, 2021. v. 1. 57p .


9.
ALBUQUERQUE, V. T. N. ; Sousa, A.C.B. . FUNGICULTURA DO COGUMELO COMESTÍVEL Pleurotus ostreatus var. florida. 1. ed. Republic of Modova Europe: Dodo Books Indian Ocean Ltd, 2021. v. 1. 69p .


10.
Martins EA ; Sousa, A.C.B. . Biokontrolle des fadenlaggars Agrotis ipsilon. 1. ed. Recife: VERLAG ? Unser Wissen, 2021. v. 1. 57p .


11.
Sousa, Adna CB.; PAIVA-GUIMARAES, A. G. L. ; ALMEIDA, A. F. . Produção de conídios e enzimas hidrolíticas por Beauveria bassiana. 1. ed. Mauritius: OmniScriptum Publishing Group, 2020. v. 1. 113p .


12.
Sousa, Adna CB.; BONIFACIO, T. T. C. ; ALMEIDA, A. F. . Vinhaça: um substrato alternativo para a produção de enzimas fúngicas. 1. ed. Mauritius: International Book Market Service Ltd, 2020. v. 1. 65p .


13.
ALMEIDA, A. F. ; LIMA, M. K. L. ; Sousa, Adna CB. . Enzimas amilolíticas: produção em resíduo de malte cerveijeiro. 1. ed. Mauritius: OmniScriptum Publishing Group, 2020. v. 1. 85p .


14.
QUEIROZ, C. ; Sousa, Adna CB. ; AMARAL, I. P. G. . Serino-protease produzida por Metarhizium anisopliae var. anisopliae. 1. ed. Mauritius: International Book Market Service Ltd., 2020. v. 1. 69p .


15.
Adna CB Sousa; SILVA, C. T. A. . Especificidade de fungos sobre a lagarta-da-maçã do algodoeiro. 1. ed. Germany: SIA OmniScriptum Publishing, 2019. v. 1. 47p .


16.
Adna CB Sousa; SOUZA, A. P. ; JANK, L. . Estudos Genético-Moleculares em Forrageiras Tropicais. 1. ed. União Europeia: SIA OmniScriptum Publishing, 2018. v. 1. 220p .


17.
BEZERRA, N. S. ; Adna CB Sousa . Controle Biológico de formigas cortadeiras. 1. ed. Germany: SIA OmniScriptum Publishing, 2018. v. 1. 101p .


Capítulos de livros publicados

1.
CASTRO, A. B. P. ; ALBUQUERQUE, V. T. N. ; GOMES, U. V. R. ; LUNA-FREIRE, K. R. ; Sousa, Adna CB. . ASPECTOS BIOLÓGICOS E PRODUTIVOS DO COGUMELO COMESTÍVEL Pholiota adiposa EM RESÍDUOS GERADOS A PARTIR DA PRODUÇÃO DO FEIJÃO E DA CERVEJA. In: Giselle Medeiros da Costa One. (Org.). MEIO AMBIENTE: tecnologia, trabalho e pesquisa 2. 1ed.João Pessoa: IMEA, 2024, v. 2, p. 114-132.


2.
FERNANDES, J. V. F. ; CASTRO, A. B. P. ; GOMES, U. V. R. ; LUNA-FREIRE, K. R. ; Sousa, Adna CB. . AVALIAÇÃO DE SUBSTRATOS E SUPLEMENTOS NA PRODUÇÃO DO COGUMELO COMESTÍVEL SHIMEJI-BRANCO (Pleurotus ostreatus var. florida). In: Giselle Medeiros da Costa One. (Org.). MEIO AMBIENTE: tecnologia, trabalho e pesquisa 2. 1ed.João Pessoa: IMEA, 2024, v. 2, p. 133-150.


3.
ALBUQUERQUE, V. T. N. ; FERNANDES, J. V. F. ; GOMES, U. V. R. ; LUNA-FREIRE, K. R. ; Adna Cristina Barbosa de Sousa. . AVALIAÇÃO FÍSICO-QUÍMICA DO COGUMELO COMESTÍVEL PLEUROTUS OSTREATUS VAR. FLORIDA (SHIMELI BRANCO) PRODUZIDOS EM SUBSTRATOS LIGNOCELULÓSICOS. In: Giselle Medeiros da Costa One. (Org.). MEIO AMBIENTE: tecnologia, trabalho e pesquisa 2. 1ed.João Pessoa: IMEA, 2024, v. 2, p. 151-168.


4.
Castro, Ana Beatriz Pereira de ; Ramires, Christiane Mendes Cassimiro ; Souza, Lázaro Costa de ; Sousa, Adna Cristina barbosa de . CALDAS NATURAIS: UMA ALTERNATIVA SUSTENTÁVEL PARA O CONTROLE DE INSETOS-PRAGA AGRÍCOLAS. Tecnologias e Inovação nas Ciências Agrárias: Tendências e Perspectivas Futuras, Volume 1. 1ed.Rio de Janeiro: Editora e-Publicar, 2024, v. 1, p. 44-58.


5.
Carvalho, Débora Luíse Rocha de ; Almeida, Gabriel Ivo Lima de ; Sousa, Paulo Venâncio de ; Freire, Kristerson Reinaldo de Luna ; Sousa, Adna Cristina barbosa de . INFLUÊNCIA DA RELAÇÃO CARBONO-NITROGÊNIO NO CULTIVO DO SHIMEJI-PRETO (PLEUROTUS OSTREATUS) EM RESÍDUOS A BASE DA CULTURA DO FEIJÃO E DA PRODUÇÃO DA CERVEJA ARTESANAL. Tecnologias e Inovação nas Ciências Agrárias: Tendências e Perspectivas Futuras, Volume 1. 1ed.Rio de Janeiro: Editora e-Publicar, 2024, v. 1, p. 59-75.


6.
ALBUQUERQUE, V. T. N. ; FERNANDES, J. V. F. ; GOMES, U. V. R. ; LUNA-FREIRE, K. R. ; Sousa, Adna CB. . Produção do Spawn de Pleurotus ostreatus var. florida (Shimeji brnaco) em resíduos agroindustriais. In: Giselle Medeiros da Costa One. (Org.). Saúde e meio ambiente: saúde, tecnologia e aplicabilidade. 1ed.João Pessoa: IMEA, 2023, v. 1, p. 510-530.


7.
BARROS, M. C. E. ; Bandeira LBP ; LUNA-FREIRE, K. R. ; GOMES, U. V. R. ; Sousa, Adna CB. . Influência da luz na produção do spawn e frutificação do cogumelo comestível Pleurotus ostreatus (Shimeji preto) em resíduos agroindustriais. In: Giselle Medeiros da Costa One. (Org.). Saúde e meio ambiente: saúde, tecnologia e aplicabilidade. 1ed.João Pessoa: IMEA, 2023, v. 1, p. 471-490.


8.
Bandeira LBP ; BARROS, M. C. ; LUNA-FREIRE, K. R. ; GOMES, U. V. R. ; Sousa, Adna CB. . Avaliação luz e dda temperatura no desenvolvimento do spawn do cogumelo Pleurotus djamor em grãos. In: Giselle Medeiros da Costa One. (Org.). Saúde e meio ambiente: saúde, tecnologia e aplicabilidade. 1ed.João Pessoa: IMEA, 2023, v. 1, p. 386-408.


9.
FERNANDES, J. V. F. ; ALBUQUERQUE, V. T. N. ; GOMES, U. V. R. ; LUNA-FREIRE, K. R. ; Adna Cristina Barbosa de Sousa. . Vagem do feijão e malte como substratos alternativos para produção do shimeji branco (Pleurotus ostreatus var. florida). Ciências Naturais, Agrárias e Exatas: pesquisa, tecnologia e aplicabilidade. 1ed.João Pessoa: IMEA, 2023, v. 1, p. 158-178.


10.
BARROS, M. C. E. ; FERNANDES, J. V. F. ; ALBUQUERQUE, V. T. N. ; Bandeira LBP ; ALMEIDA, A. F. ; GOMES, U. V. R. ; LUNA-FREIRE, K. R. ; Adna Cristina Barbosa de Sousa. . AVALIAÇÃO DO CULTIVO DE PLEUROTUS OSTREATUS (SHIMEJI PRETO) EM VÁRIOS RESÍDUOS AGROINDUSTRIAIS. In: Adilson Tadeu; Roger Mello. (Org.). Ciências agrárias: diálogos em pesquisa, tecnologia e transformação, Vol. 4. 1ed.Rio de Janeiro: Editora e-Publicar, 2023, v. 4, p. 80-97.


11.
COSTA, D. M. S. ; NEVES, J. S. P. ; MENINO, I. B. ; ARAUJO, I. A. ; LAZZARINI, L. E. S. ; Adna Cristina Barbosa de Sousa. . Efeitos de diferentes concentrações de hipoclorito de sódio na desinfestação de sementes de Moringa oleifera Lam. In: Brandão, Luma Mirely de Souza; Santos, Edilene Dias; Mello, Roger Goulart. (Org.). Transformações agrárias: pesquisas e tecnologias para o desenvolvimento sustentável. 1ed.Rio de Janeiro: Editora e-Publicar, 2023, v. 1, p. 63-73.


12.
FERNANDES, J. V. F. ; CASTRO, A. B. P. ; ALBUQUERQUE, V. T. N. ; LUNA-FREIRE, K. R. ; Adna Cristina Barbosa de Sousa. . UTILIZAÇÃO DE RESÍDUOS SÓLIDOS E LÍQUIDOS CERVEJEIROS NA PRODUÇÃO DE ?SPAWN? E FRUTIFICAÇÃO DE PLEUROTUS OSTREATUS VAR. FLORIDA (SHIMEJI BRANCO). In: Santos, Edilene Dias; Silva, Rafael Leal da; Mello, Roger Goulart. (Org.). Tópicos de desenvolvimento científico e tecnológico em ciências agrárias. 1ed.Rio de Janeiro: Editora e-Publicar, 2023, v. 2, p. 162-180.


13.
COSTA, D. M. S. ; NEVES, J. S. P. ; MENINO, I. B. ; ARAUJO, I. A. ; LAZZARINI, L. E. S. ; Sousa, Adna CB. . EFEITO DE DIFERENTES MEIOS DE CULTURA NA GERMINAÇÃO IN VITRO DE MORINGA OLEIFERA. In: Santos, Edilene Dias; Silva, Rafael Leal da; Mello, Roger Goulart. (Org.). Tópicos de desenvolvimento científico e tecnológico em ciências agrárias. 1ed.Rio de Janeiro: Editora e-Publicar, 2023, v. 2, p. 181-182.


14.
BARROS, M. C. E. ; ALBUQUERQUE, V. T. N. ; Sousa, A.C.B. . EFEITO FUNGITÓXICO DE AGROQUÍMICOS SOBRE FUNGOS ENTOMOPATOGÊNICOS USADOS NO BIOCONTROLE DA LAGARTA-ROSCA AGROTIS IPSILON (HUFNAGEL, 1766). In: Giselle Medeiros da Costa One. (Org.). Meio ambiente: os desafios do novo cenário. 1ed.João Pessoa: IMEA Instituto Medeiros de Educação Avançada, 2022, v. 1, p. 139-159.


15.
ALBUQUERQUE, V. T. N. ; BARROS, M. C. E. ; Sousa, A.C.B. . RESÍDUO DE MALTE CERVEJEIRO: UM SUBSTRATO ALTERNATIVO PARA PRODUÇÃO DO COGUMELO COMESTÍVEL PLEUROTUS OSTREATUS VAR. FLORIDA (JACQ.) P. KUMM.. In: Giselle Medeiros da Costa One. (Org.). Meio ambiente: os desafios do novo cenário. 1ed.João Pessoa: IMEA Instituto Medeiros de Educação Avançada, 2022, v. 1, p. 160-178.


16.
SANTOS, F. P. ; NASCIMENTO, M. H. ; CASTOR, R. B. ; COSTA, D. M. S. ; Sousa, A.C.B. . MOMORDICA CHARANTIA: UTILIZAÇÕES MEDICINAIS E ATIVIDADES. In: Giselle Medeiros da Costa One. (Org.). Farmácia: os desafios do novo cenário. 1ed.João Pessoa: IMEA Instituto Medeiros de Educação Avançada, 2022, v. 1, p. 64-84.


17.
Bandeira LBP ; Martins EA ; Sousa, Adna CB. . FUNGOS FILAMENTOSOS ENTOMOPATOGÊNICOS COMO AGENTES BIOCONTROLADORES DA LAGARTA-ROSCA AGROTIS IPSILON (HUFNAGEL, 1766) (LEPIDOPTERA: NOCTUIDAE).. In: Patrícia Gonçalves de Freitas. (Org.). CIÊNCIAS AGRÁRIAS MULTIDISCIPLINARES: AVANÇOS E APLICAÇÕES MÚLTIPLAS. 1ed.Rio de Janeiro: E-publicar, 2022, v. 2, p. 13-21.


18.
ALBUQUERQUE, V. T. N. ; LUNA-FREIRE, K. R. ; VITORIA, N. S. ; Sousa, Adna CB. . CULTIVO DO COGUMELO COMESTÍVEL PLEUROTUS OSTREATUS VAR. FLORIDA NO ENDOCARPO DO COCO VERDE DESCARTADO. In: Patrícia Gonçalves de Freitas. (Org.). CIÊNCIAS AGRÁRIAS MULTIDISCIPLINARES: AVANÇOS E APLICAÇÕES MÚLTIPLAS. 1ed.Rio de Janeiro: E-publicar, 2022, v. 2, p. 22-31.


19.
FERNANDES, J. V. F. ; ALBUQUERQUE, V. T. N. ; Bandeira LBP ; BARROS, M. C. ; GOMES, U. V. R. ; LUNA-FREIRE, K. R. ; Adna Cristina Barbosa de Sousa. . INFLUÊNCIA DA LUZ NO DESENVOLVIMENTO DO SPAWN E DA FRUTIFICAÇÃO DO SHIMEJI BRANCO (PLEUROTUS OSTREATUS VAR. FLORIDA) EM RESÍDUOS AGROINDUSTRIAIS. CIÊNCIAS AGRÁRIAS: DIÁLOGO EM PESQUISA, TECNOLOGIA E TRANSFORMAÇÃO. 1ed.Rio de Janeiro: E-publicar, 2022, v. 1, p. 116-130.


20.
Santos, Sharline Florentino de Melo ; de Sousa, Carlos Alberto Bispo ; de Almeida, Andréa Farias ; Santos, Felipe Augusto ; Oliveira, Carolina Zanini ; Cardoso, Amanda Letícia de Carvalho ; Silva, Flávio Luiz Honorato da ; de Carvalho-Gonçalves, Laís Campos Teixeira ; de Sousa, Adna Cristina Barbosa ; Guimarães, Ana Gabriella Lucena de Paiva . Solid-State Fermentation: Use of Agroindustrial Residues. In: Naga Raju Maddela; Luz C García Cruzatty; Sagnik Chakraborty. (Org.). Environmental and Microbial Biotechnology. 1ed.: Springer Singapore, 2021, v. 1, p. 27-57.


21.
Bandeira LBP ; MENDES, A. F. ; Sousa, A.C.B. . EFEITO DE PRODUTOS FITOSSANITÁRIOS SOBRE BEAUVERIA BASSIANA (BALS) VUILLEMIN USADO NO BIOCONTROLE DA LAGARTA-ROSCA AGROTIS IPSILON (HUFNAGEL, 1766) (LEPIDOPTERA, NOCTUIDAE). In: Giselle Medeiros da Costa One. (Org.). Ciências naturais: os desafios da ciência na atualidade. 1ed.João Pessoa: IMEA, 2021, v. 1, p. 113-130.


22.
BONIFACIO, T. T. C. ; ARRUDA, R. R. A. ; SANTOS, J. ; ARAUJO, M. ; Adna CB Sousa . PRODUÇÃO ENZIMÁTICA POR Beauveria bassiana, ATRAVÉS DA FERMENTAÇÃO SUBMERSA, UTILIZANDO COMO SUBSTRATO A VINHAÇA. Biotecnologia Interativa. 1ed.João Pessoa: IMEA, 2019, v. 1, p. 195-218.


23.
Adna CB Sousa; QUEIROZ, C. ; BONIFACIO, T. T. C. ; ANDRADE, A. S. A. ; ALMEIDA, A. F. . PRODUÇÃO DE CELULASES POR FUNGOS FILAMENTOSOS ATRAVÉS DA FERMENTAÇÃO SUBMERSA, UTILIZANDO COMO SUBSTRATO A VINHAÇA. BIOTECNOLOGIA INTERATIVA. 1ed.João Pessoa: IMEA, 2019, v. 1, p. 219-235.


24.
PINTO, J. E. L. ; QUEIROZ, C. ; Martins EA ; Bandeira LBP ; Adna CB Sousa . CAPACIDADE BIOINSETICIDA DE FUNGOS FILAMENTOSOS ENTOMOPATOGÊNICOS SOBRE A LAGARTA DA MAÇÃ-DO-ALGODOEIRO Heliothis virescens (FABRICIUS, 1777) (LEPIDOPTERA: NOCTUIDAE). In: Giselle Medeiros da Costa One E Helder Neves de Albuquerque. (Org.). MEIO AMBIENTE: UMA VISÃO INTERATIVA. 1ed.João Pessoa: IMEA, 2019, v. 2, p. 400-415.


25.
Silva YV ; Bandeira LBP ; Martins EA ; MORAIS, V. C. ; Adna CB Sousa . CONTROLE MICROBIANO DA LAGARTA-ROSCA AGROTIS IPSILON (HUFNAGEL, 1766) (LEPIDOPTERA, NOCTUIDAE) COM O FUNGO ENTOMOPATOGÊNICO METARHIZIUM ANISOPLIAE VAR. ANISOPLIAE (METCHNIKOFF) SOROKIN. In: Giselle Medeiros da Costa One E Helder Neves de Albuquerque. (Org.). MEIO AMBIENTE: UMA VISÃO INTERATIVA. 1ed.João Pessoa: IMEA, 2019, v. 2, p. 421-435.


26.
Martins EA ; Silva YV ; MORAIS, V. C. ; LE, N. K. R. ; Adna CB Sousa . ESPECIFICIDADE DO FUNGO FILAMENTOSO Aspergillus sp. SOBRE A LAGARTA-ROSCA Agrotis ipsilon (HUFNAGEL, 1766) (LEPIDOPTERA, NOCTUIDAE), UMA DAS PRAGAS DO ALGODOEIRO. In: Giselle Medeiros da Costa One E Helder Neves de Albuquerque. (Org.). MEIO AMBIENTE: UMA VISÃO INTERATIVA. 1ed.João Pessoa: IMEA, 2019, v. 2, p. 436-445.


27.
Bandeira LBP ; MORAIS, V. C. ; LE, N. K. R. ; QUEIROZ, C. ; Adna CB Sousa . POTENCIAL DO FUNGO ENTOMOPATOGÊNICO BEAUVERIA BASSIANA (BALS) VUILLEMIN NO BIOCONTROLE DA LAGARTA-ROSCA Agrotis ipsilon (HUFNAGEL, 1766) (LEPIDOPTERA, NOCTUIDAE), UMA PRAGA DAS HORTALIÇAS. In: Giselle Medeiros da Costa One E Helder Neves de Albuquerque. (Org.). MEIO AMBIENTE: UMA VISÃO INTERATIVA. 1ed.João Pessoa: IMEA, 2019, v. 2, p. 601-616.


28.
MARINHO, G. C. S. ; Adna CB Sousa . ATIVIDADE ENZIMÁTICA E CARACTERIZAÇÃO CITOMORFOLÓGICA DE UM ISOLADO DE BEAUVERIA BASSIANA (BALS.) VUILLEMIN IN VITRO. In: Patrícia Michele da Luz. (Org.). Biological Sciences Foudantions. 1ed.Ponta Grossa - PR: Editora Atena, 2019, v. 1, p. 11-23.


29.
LOPES, V. R. F. ; Adna CB Sousa . CARACTERIZAÇÃO DO CICLO CELULAR EM CÉLULAS MERISTEMÁTICAS RADICULARES DE Allium Cepa L. DO BULBO GRANDE. In: Patrícia Michele da Luz. (Org.). Biological Sciences Foudantions. 1ed.Ponta Grossa - PR: Editora Atena, 2019, v. 1, p. 24-36.


30.
ANDRADE, A. S. A. ; DIAS, E. C. ; OLIVEIRA NETO, N. J. ; DANTAS, G. C. ; Adna CB Sousa ; ALMEIDA, A. F. . PRODUÇÃO E CARACTERIZAÇÃO DE BIOSSURFACTANTES PRODUZIDOS POR Bacillus subtilis A PARTIR DO EXTRATO AQUOSO DA ALGAROBA [Prosopis juliflora (SW) DC] COMO SUBSTRATO NÃO CONVENCIONAL. In: Nayara Araujo Cardoso; Renan Rocha e Maria Vitoria Laurindo. (Org.). As Ciências Biológicas e da Saúde na Contemporaneidade 2. 1ed.Ponta Grossa - PR: Atena Editora, 2019, v. 1, p. 211-223.


31.
MEDEIROS, H. G. A. ; SOUSA ACB . ISOLAMENTO E IDENTIFICAÇÃO DE FUNGOS FILAMENTOSOS ALERGÊNICOS ENCONTRADOS EM PEÇAS ANATÔMICAS HUMANAS CONSERVADAS EM SOLUÇÃO DE FORMALDEÍDO. In: José Max Barbosa de Oliveira Junior. (Org.). Análise Crítica das Ciências Biológicas e da Natureza 3. 1ed.Ponta Grossa/PR: Atena Editora, 2019, v. 1, p. 38-49.


32.
MEDEIROS, H. G. A. ; BEZERRA, N. S. ; Adna Cristina Barbosa de Sousa. . OCORRÊNCIA DE FUNGOS ALERGÊNICOS EM PEÇAS ANATÔMICAS HUMANAS, ACONDICIONADAS NO COMPLEXO LABORATORIAL DE ANATOMIA DA UNIVERSIDADE FEDERAL DA PARAÍBA, JOÃO PESSOA ? PB. In: Giselle Medeiros da Costa One; Maria Luísa Souto Porto. (Org.). Saúde: os desafios do mundo contenporaneo. 1ed.João Pessoa: Instituto Medeiros de Educação Avançada - IMEA, 2018, v. 3, p. 563-580.


33.
TAVARES, L. M. ; BEZERRA, N. S. ; Adna Cristina Barbosa de Sousa. . CONIDIOGÊNESE DO FUNGO ENTOMOPATOGÊNICO METARHIZIUM ANISOPLIAE VAR. ANISOPLIAE EM MEIO DE CULTURA À BASE DE RESÍDUOS AGROINDUSTRIAIS. In: Giselle Medeiros da Costa One; Maria Luísa Souto Porto. (Org.). Saúde: os desafios do mundo contenporaneo. 1ed.João Pessoa: Instituto Medeiros de Educação Avançada ? IMEA, 2018, v. 3, p. 466-486.


34.
SILVA, C. T. A. ; OLIVEIRA, B. T. M. ; QUEIROZ, C. ; MEDEIROS, H. G. A. ; BEZERRA, N. S. ; Adna Cristina Barbosa de Sousa. . BIOPROSPECÇÃO DE FUNGOS FILAMENTOSOS ENTOMOPATOGÊNICOS PARA PRODUÇÃO DE ENZIMAS PROTEOLÍTICAS EM MEIO DE CULTURA SÓLIDO. In: Giselle Medeiros da Costa One; Maria Luisa Souto Porto. (Org.). Saúde: os desafios do mundo contenporaneo. 1ed.João Pessoa: Instituto Medeiros de Educação Avançada ? IMEA, 2018, v. 3, p. 780-797.


35.
Sousa, Adna CB; Campos, T. ; Sforça D. A. ; ZUCCHI, M. I. ; JANK, L. ; Souza, Anete P. . Microsatellite markers in Panicum maximum Jacq. (Poaceae): a study for the genetic diversity, germplasm conservation and breeding. In: EMBRAPA - Embrapa Gado de Corte. (Org.). Forage Breeding and Biotechnology. 1ed.Campo Grande - MS: , 2013, v. 1, p. 195-211.


36.
JUNGMANN, L. ; Francisco, P M ; Sousa ACB ; PAIVA, J. ; VALLE, C. ; SOUZA, A. P. . Development of Microsatellite Markers for Brachiaria brizantha and Germplasm Diversity Characterization of this Tropical Forage Grass. In: Toshihiko Yamada; German Spangenberg. (Org.). Molecular Breeding of Forage and Truf. 1ed.: Springer Science + Business Media, 2008, v. 1, p. 103-109.


Trabalhos completos publicados em anais de congressos

1.
ANDRADE, E. S. P. ; ALMEIDA, A. F. ; CABRAL, E. V. S. ; Sousa, Adna CB. ; CRUZ, L. S. ; MELO, N. C. . UTILIZAÇÃO DO ENGAÇO DE UVA (VITIS LABRUSCA) PARA PRODUÇÃO DE CELULASES E PROTEASES FÚNGICAS. In: 24 Congresso Brasileiro de Engenharia Química - COBEQ, 2023, Salvador. Anais do COBEQ - 2023. Salvador: UFBA, 2023. v. 1. p. 1-10.


2.
SILVA, J. A. ; VITORIA, N. S. ; Sousa, A.C.B. . UMA REVISÃO NARRATIVA: COMO A COVID-19 IMPACTA DIRETA OU INDIRETAMENTE O SISTEMA REPRODUTOR MASCULINO?. In: VII EBVALE: Encontro de Biomedicina do Vale do São Francisco, 2022, Paulo Afonso - BA. Anais do VII EBVALE, 2022. v. 1. p. 8-20.


3.
SILVA, R. E. C. ; COELHO, A. F. S. ; Sousa, A.C.B. . ISOLAMENTO, IDENTIFICAÇÃO E AVALIAÇÃO DA CAPACIDADE FERMENTATIVA DE LEVEDURAS ISOLADAS DE CALDO DE CANA-DE-AÇÚCAR DE USINA E ENGENHO NO ESTADO DA PARAÍBA. In: VI CONGRESSO NACIONAL DE PESQUISA E ENSINO EM CIÊNCIAS, 2021, João Pessoa. Anais VI CONAPESC. João Pessoa: CONAPESC DIGITAL EDITION, 2021. v. 1. p. 23-34.


4.
QUEIROZ, C. ; SILVA, G. M. A. ; SILVA, C. T. A. ; ANDRADE, A. S. A. ; ALMEIDA, A. F. ; Adna CB Sousa . METARHIZIUM ANISOPLIAE VAR. ANISOPLIAE: FUNGO ENTOMOPATÔGENCO COM POTENCIAL PARA PRODUÇÃO DE AMILASE E PROTEASE ATRAVÉS DA FERMENTAÇÃO EM ESTADO SÓLIDO. In: Congresso Nacional de Biológos - CONGREBIO, 2018, João Pessoa. Congrebio 2018, 2018.


5.
SILVA, C. T. A. ; QUEIROZ, C. ; SILVA, G. M. A. ; OLIVEIRA, B. T. M. ; MEDEIROS, H. G. A. ; Adna CB Sousa . FUNGOS FILAMENTOSOS ENTOMOPATOGÊNICOS COM POTENCIAL PARA PRODUÇÃO DE ENZIMAS HIDROLÍTICAS EXTRACELULARES. In: Congresso Nacional de Biológos - CONGREBIO, 2018, João Pessoa. Congrebio 2018. João Pessoa: Congrebio, 2018. v. 8. p. 186-193.


6.
Martins EA ; QUEIROZ, C. ; Bandeira LBP ; Adna CB Sousa . RESÍDUOS AGROINDUSTRIAIS UTILIZADOS COMO SUBSTRATO PARA A PRODUÇÃO DO FUNGO ENTOMOPATOGÊNICO Metarhizium anisopliae (DEUTEROMYCOTINA: HYPHOMYCETES). In: Congresso Brasileiro de Gestão Ambiental e Sustentabilidade, 2018, João Pessoa. Anais do Congresso Brasileiro de Gestão Ambiental e Sustentabilidade. João Pessoa: CONGESTAS, 2018. v. 6. p. 281-289.


7.
QUEIROZ, C. ; Adna CB Sousa . AVALIAÇÃO DA PATOGENICIDADE DE Beauveria bassiana PRODUZIDA EM DIFERENTES SUBSTRATOS, SOBRE O CUPIM DO COQUEIRO. In: XVI Semana de Biologia, 2018, João Pessoa. XVII Semana da Biologia da UFPB - ?Biologia além da academia: Explorando novos horizontes"". João Pessoa: UFPB, 2018. v. 1. p. 1-15.


8.
Bandeira LBP ; SILVA, G. M. H. ; ALMEIDA, A. F. ; Adna CB Sousa . Enzimas amilolíticas produzidas por Metarhizium anisopliae no substrato fibra da algaroba por fermentação em estado sólido. In: IV Encontro Nacional da Agroindústria, 2018, Bananeiras. IV Encontro Nacional da Agroindústria - Agroindústria: ciência, tecnologia e inovação. Bananeiras: IV ENAG, 2018. v. 1. p. 1-18.


9.
PINTO, J. E. L. ; SILVA, G. M. H. ; BEZERRA, N. S. ; ALMEIDA, A. F. ; Adna CB Sousa . Fibra da algaroba, um substrato alternativo para a produção do fungo entomopatogênico Metarhizium anisopliae (Metchnikoff) Sorokin. In: IV Encontro Nacional da Agroindústria, 2018, Bananeiras. IV Encontro Nacional da Agroindústria - Agroindústria: ciência, tecnologia e inovação. Bananeiras: IV ENAG, 2018. v. 1. p. 1-19.


10.
BEZERRA, N. S. ; Sousa, Adna CB . EFICIÊNCIA DE UM ISOLADO DE Paecilomyces sp. SOBRE Tenebrio molitor L. (COLEOPTERA: TENEBRIONIDAE) EM CONDIÇÕES LABORATORIAIS. In: XVI Semana de Biologia, 2017, João Pessoa. XVI Semana de Biologia, 2017.


11.
Adna Cristina Barbosa de Sousa.; PAIVA-GUIMARAES, A. G. L. ; BEZERRA, N. S. ; ALMEIDA, A. F. . AVALIAÇÃO DE SUBSTRATOS BRUTOS ALTERNATIVOS PARA PRODUÇÃO DO FUNGO ENTOMOPATOGÊNICO BEAUVERIA BASSIANA (BALS) VUILLEMIN (DEUTEROMYCOTINA: HYPHOMYCETES). In: II Simpósio de Engenharia de Biotecnologia e Bioprocessos do Semiárido, 2017, Sumé-PB. Anais do II Simpósio de Engenharia de Biotecnologia e Bioprocessos do Semiárido. Sumé: Centro de Desenvolvimento Sustentável do Semiárido, 2017. v. 1. p. 215-233.


12.
TAVARES, L. M. ; BEZERRA, N. S. ; SILVA, G. M. A. ; SILVA, C. T. A. ; LUNA-FREIRE, K. R. ; ALMEIDA, A. F. ; Adna Cristina Barbosa de Sousa. . RESÍDUO DE MALTE E BAGAÇO DA CANA-DE-AÇÚCAR: SUBSTRATOS ALTERNATIVOS PARA PRODUÇÃO DO FUNGO ENTOMOPATOGÊNICO METARHIZIUM ANISOPLIAE VAR. ANISOPLIAE (DEUTEROMYCOTINA: HYPHOMYCETES). In: II Simpósio de Engenharia de Bioprocessos e Biotecnologia do Semiárido, 2017, Sumé. Anais do II Simpósio de Engenharia de Bioprocessos e Biotecnologia do Semiárido. Sumé: Centro de Desenvolvimento Sustentável do Semiárido, 2017. v. 1. p. 234-249.


13.
FERREIRA, G. F. ; SILVA, G. M. H. ; TAVARES, L. M. ; BEZERRA, N. S. ; ANDRADE, A. S. A. ; DIAS, E. C. ; ALMEIDA, A. F. ; Adna Cristina Barbosa de Sousa. . POTENCIAL DA FIBRA DA ALGAROBA PARA A PRODUÇÃO DO FUNGO ENTOMOPATOGÊNICO METARHIZIUM ANISOPLIAE VAR. ANISOPLIAE. In: II Simpósio de Engenharia de Bioprocessos e Biotecnologia do Semiárido, 2017, Sumé. Anais do II Simpósio de Engenharia de Bioprocessos e Biotecnologia do Semiárido. Sumé: Centro de Desenvolvimento Sustentável do Semiárido, 2017. v. 1. p. 285-299.


14.
SILVA, C. T. A. ; OLIVEIRA, B. T. M. ; QUEIROZ, C. ; MEDEIROS, H. G. A. ; TAVARES, L. M. ; GERVASIO, D. K. L. ; DIAS, E. C. ; Sousa, Adna Cristina Barbosa de . POTENCIAL DE FUNGOS ENTOMOPATOGÊNICOS PARA PRODUÇÃO DE ENZIMAS PROTEOLÍTICAS EXTRACELULARES EM MEIO DE CULTURA SÓLIDO. In: II Simpósio de Engenharia de Bioprocessos e Biotecnologia do Semiárido, 2017, Sumé. Anais do II Simpósio de Engenharia de Bioprocessos e Biotecnologia do Semiárido. Sumé: Centro de Desenvolvimento Sustentável do Semiárido, 2017. v. 1. p. 300-314.


15.
DIAS, E. C. ; ANDRADE, A. S. A. ; SILVA, A. L. E. ; Adna Cristina Barbosa de Sousa. ; ALMEIDA, A. F. . UTILIZAÇÃO DO EXTRATO AQUOSO DA ALGAROBA NA PRODUÇÃO DE BIOSSURFACTANTES POR BACILLUS SUBTILIS. In: II Simpósio de Engenharia de Bioprocessos e Biotecnologia do Semiárido, 2017, Sumé. Anais do II Simpósio de Engenharia de Bioprocessos e Biotecnologia do Semiárido. Sumé: Centro de Desenvolvimento Sustentável do Semiárido, 2017. v. 1. p. 347-364.


16.
SILVA, G. M. A. ; FERREIRA, G. F. ; BEZERRA, N. S. ; TAVARES, L. M. ; ALMEIDA, A. F. ; Adna Cristina Barbosa de Sousa. . PRODUÇÃO DE AMILASE E PROTEASE OBTIDAS POR METARHIZIUM ANISOPLIAE VAR. ANISOPLIAE ATRAVÉS DA FERMENTAÇÃO EM ESTADO SÓLIDO. In: II Simpósio de Engenharia de Bioprocessos e Biotecnologia do Semiárido, 2017, Sumé. Anais do II Simpósio de Engenharia de Bioprocessos e Biotecnologia do Semiárido. Sumé: Centro de Desenvolvimento Sustentável do Semiárido, 2017. v. 1. p. 365-382.


17.
ANDRADE, A. S. A. ; OLIVEIRA NETO, N. J. ; DIAS, E. C. ; GERVASIO, D. K. L. ; LIMA, M. K. L. ; SANTOS, S. F. M. ; Adna Cristina Barbosa de Sousa. ; ALMEIDA, A. F. . ESTUDO DA PRODUÇÃO DE ENZIMAS PECTINOLÍTICAS E CELULOLÍTICAS POR FERMENTAÇÃO EM ESTADO SÓLIDO A PARTIR DO BAGAÇO DE CAJÁ. In: II Simpósio de Engenharia de Bioprocessos e Biotecnologia do Semiárido, 2017, Sumé. Anais do II Simpósio de Engenharia de Bioprocessos e Biotecnologia do Semiárido. Sumé: Centro de Desenvolvimento Sustentável do Semiárido, 2017. v. 1. p. 409-426.


18.
GERVASIO, D. K. L. ; LIMA, M. K. L. ; DIAS, E. C. ; ANDRADE, A. S. A. ; SILVA, C. T. A. ; Adna Cristina Barbosa de Sousa. ; SOUSA, C. A. B. ; ALMEIDA, A. F. . PRODUÇÃO DE ENZIMAS POR ASPERGILLUS SP. UTILIZANDO O RESÍDUO DE COCO VERDE COMO SUBSTRATO. In: II Simpósio de Engenharia de Bioprocessos e Biotecnologia do Semiárido, 2017, Sumé. Anais do II Simpósio de Engenharia de Bioprocessos e Biotecnologia do Semiárido. Sumé: Centro de Desenvolvimento Sustentável do Semiárido, 2017. v. 1. p. 461-478.


19.
GUEDES, T. P. ; DOURADO, R. ; FREIRE, A. F. ; BONIFACIO, T. T. C. ; Sousa, Adna CB. ; CAVALCANTI, T. G. ; VASCONCELOS, U. . Atividade hidrocarbonoclástica de microrganismos isolados em postos de gasolina. In: Congresso Brasileiro de Engenharia Química, 2016, Fortaleza. COBEQ - 2016. Campinas: COBEQ - 2016, 2016. v. 2. p. 1-8.


20.
PAIVA-GUIMARAES, A. ; LUNA-FREIRE, K. ; ALMEIDA, A. ; Sousa, A.C.B. . PRODUÇÃO E ESTABILIDADE TÉRMICA DAS ENZIMAS AMILOLÍTICAS OBTIDAS POR BEAUVERIA BASSIANA ATRAVÉS DA FERMENTAÇÃO EM ESTADO SÓLIDO COM DIFERENTES SUBSTRATOS. In: Co, 2016. Congresso Brasileiro de Engenharia Química. Campinas: GALOA - 2016. v. 2. p. 9-17.


21.
SOBIERAJSKI, G. R. ; Adna C B Sousa ; JUNGMANN, L. ; SILVA, R. R. ; PEREIRA, G. ; KILIAN, A. ; Garcia, Antonio Augusto Franco . Caracterização do Banco de Germoplasma de Macadâmia (Macadamia integrifolia - Proteaceae) a partir de Marcadores SSR e DART. In: II Congresso Brasileiro de Recursos Genéticos, 2012, Belém. Recursos Genéticos Vegetais. Belém: Amazônas, 2012. v. 1. p. 284.


Resumos expandidos publicados em anais de congressos

1.
CASTRO, A. B. P. ; RAMIRES, C. M. C. ; SOUZA, L. C. ; Adna Cristina Barbosa de Sousa. . MÉTODOS NATURAIS DE CONTROLE DE PULGÕES, MOSCA-BRANCA E COCHONILHAS NA AGRICULTURA. In: III Semana Integrada de Biotecnologia, 2024, JOAO PESSOA. III Simbiotec. JOAO PESSOA: UFPB, 2024. v. 1. p. 1-1.


2.
FERNANDES, J. V. F. ; SILVA, H. A. S. ; CASTRO, A. B. P. ; LUNA-FREIRE, K. R. ; Adna Cristina Barbosa de Sousa. . CARACTERIZAÇÃO FÍSICO-QUÍMICA DE Pleurotus ostreatus var. florida CULTIVADOS EM RESÍDUOS A PARTIR DA CULTURA DO FEIJÃO E DA PRODUÇÃO DE CERVEJA ARTESANAL. In: III Semana Integrada de Biotecnologia, 2024, JOAO PESSOA. III Simbiotec. JOAO PESSOA: UFPB, 2024. v. 1. p. 1-1.


3.
LEAL, A. S. ; SILVA, H. A. S. ; MELO, N. C. ; FERNANDES, J. V. F. ; Adna Cristina Barbosa de Sousa. ; ALMEIDA, A. F. . PRODUÇÃO DE PECTINASES FÚNGICAS A PARTIR DO EXTRATO AQUOSO DA ALGAROBA (PROSOPIS JULIFLORA (SW) DC). In: III Semana Integrada de Biotecnologia, 2024, JOAO PESSOA. III Simbiotec. JOAO PESSOA: UFPB, 2024. v. 1. p. 1-1.


4.
SILVA, H. A. S. ; FERNANDES, J. V. F. ; MELO, N. C. ; Adna Cristina Barbosa de Sousa. ; ALMEIDA, A. F. . Engaço de uva: substrato não convencional para produção de enzimas microbianas. In: III Semana Integrada de Biotecnologia, 2024, JOAO PESSOA. III Simbiotec. JOAO PESSOA: UFPB, 2024. v. 1. p. 1-1.


5.
CASTRO, A. B. P. ; FERNANDES, J. V. F. ; ALBUQUERQUE, V. T. N. ; ALMEIDA, A. F. ; LUNA-FREIRE, K. R. ; Adna Cristina Barbosa de Sousa. . PRODUÇÃO DE Pholiota adiposa EM RESÍDUOS GERADOS A PARTIR DA CULTURA DO FEIJÃO E DA PRODUÇÃO DE CERVEJA ARTESANAL. In: VII Encontro Pernambucano de Micologia - EPEM, 2023, Recife-PE. Anais do VII Encontro Pernambucano de Micologia. Recife - PE: UFPE, 2023. v. 1. p. 1-6.


6.
CASTRO, A. B. P. ; FERNANDES, J. V. F. ; ALBUQUERQUE, V. T. N. ; ALMEIDA, A. F. ; LUNA-FREIRE, K. R. ; Adna Cristina Barbosa de Sousa. . PRODUÇÃO DE SEMENTE DO COGUMELO CASTANHA (Pholiota adiposa) EM RESÍDUOS AGROINDUSTRIAIS. In: VII Encontro Pernambucano de Micologia - EPEM, 2023, Recife-PE. Anais do VII Encontro Pernambucano de Micologia. Recife - PE: UFPE, 2023. v. 1. p. 9-15.


7.
FERNANDES, J. V. F. ; CASTRO, A. B. P. ; ALBUQUERQUE, V. T. N. ; ALMEIDA, A. F. ; LUNA-FREIRE, K. R. ; Adna Cristina Barbosa de Sousa. . UTILIZAÇÃO DE RESÍDUOS SÓLIDOS E LÍQUIDOS CERVEJEIROS NA PRODUÇÃO DE Pleurotus ostreatus var. florida. In: VII Encontro Pernambucano de Micologia - EPEM, 2023, Recife-PE. Anais do VII Encontro Pernambucano de Micologia. Recife - PE: UFPE, 2023. v. 1. p. 20-26.


8.
FERNANDES, J. V. F. ; CASTRO, A. B. P. ; ALBUQUERQUE, V. T. N. ; ALMEIDA, A. F. ; LUNA-FREIRE, K. R. ; Adna Cristina Barbosa de Sousa. . UTILIZAÇÃO DE SUBSTRATOS ALTERNATIVOS, A BASE DE RESÍDUOS SÓLIDOS E LÍQUIDOS CERVEJEIROS, NA PRODUÇÃO DE ?SPAWN? DO SHIMEJI BRANCO. In: VII Encontro Pernambucano de Micologia - EPEM, 2023, Recife-PE. Anais do VII Encontro Pernambucano de Micologia. Recife - PE: UFPE, 2023. v. 1. p. 28-34.


9.
Sousa, A.C.B.. CONTROLE MICROBIANO DA LAGARTA-ROSCA AGROTIS IPSILON (HUFNAGEL, 1766) (LEPIDOPTERA: NOCTUIDAE) POR FUNGOS FILAMENTOSOS ENTOMOPATOGÊNICOS. In: VI CONGRESSO NACIONAL DE PESQUISA E ENSINO EM CIÊNCIAS, 2021, online. Anais VI CONAPESC, 2021. v. 1. p. 1-7.


10.
Sousa, A.C.B.. FUNGICULTURA DE Pleurotus ostreatus var. florida (JACQ.) P. KUMM. NO MESOCARPO DO COCO VERDE. In: VI CONGRESSO NACIONAL DE PESQUISA E ENSINO EM CIÊNCIAS, 2021, online. Anais VI CONAPESC, 2021. v. 1. p. 8-14.


11.
BARROS, M. C. E. ; Sousa, A.C.B. . FUNGITOXICIDADE DE AGROQUÍMICOS SOBRE Metarhizium anisopliae var. anisopliae (METCHNIKOFF) SOROKIN USADOS NO BIOCONTROLE DE Agrotis ipsilon (HUFNAGEL, 1766). In: VI Encontro Pernambucano de Micologia - EPEM, 2021, Recife. Anais do VI Encontro Pernambucano de Micologia. Recife: Editora UFPE, 2021. v. 1. p. 1-6.


12.
ALBUQUERQUE, V. T. N. ; Sousa, A.C.B. . FRUTIFICAÇÃO DE Pleurotus ostreatus var. florida (JACQ.) P. KUMM. NO MESOCARPO DO COCO VERDE COM DIFERENTES RESÍDUOS AGROINDUSTRIAIS. In: VI Encontro Pernambucano de Micologia - EPEM, 2021, Recife. Anais do VI Encontro Pernambucano de Micologia. Recife: Editora UFPE, 2021. v. 1. p. 7-13.


13.
Campos, T. ; FERREIRA FILHO, J. A. ; Sousa, Adna Cristina Barbosa de ; AZEVEDO, H. S. F. S. ; Assis, GML . Determinação da coleção nuclear do banco ativo de germoplasma de amendoim forrageiro. In: X CONNEPI, 2015, Rio Branco. X CONNEPI. Rio Branco: UFAC, 2015.


14.
Campos, T. ; YOMURA, R. B. T. ; AZEVEDO, H. S. F. S. ; OLIVEIRA, J. C. ; Sousa, Adna Cristina Barbosa de ; FLORES, P. S. . Diversidade genética de etnovariedades de mandioca utilizadas na regional Juruá, Acre, para a fabricação de farinha. In: X CONNEPI, 2015, Rio Branco. X CONNEPI. Rio Branco: UFAC, 2015.


15.
AZEVEDO, H. S. F. S. ; OLIVEIRA, J. C. ; Sousa, Adna Cristina Barbosa de ; Assis, GML ; Campos, T. . Transferibilidade de marcadores microssatélites em espécies do Gênero Arachis. In: X CONNEPI, 2015, Rio Branco. X CONNEPI. Rio Branco: UFAC, 2015.


16.
AZEVEDO, H. S. F. S. ; YOMURA, R. B. T. ; Sousa, Adna Cristina Barbosa de ; Assis, GML ; Campos, T. . Caracterização da diversidade genética de acessos da secção Caulorrhizae com marcadores microssatélites. In: X CONNEPI, 2015, Rio Branco. X CONNEPI. Rio Branco: UFAC, 2015.


17.
Adna CB Sousa; Carvalho, M. A. ; Campos, Tatiana ; Silva, GT ; Zucchi, M.I. ; JANK, L. ; Souza, Anete P. . Outcrossing Rate in Calopogonium mucunoides Desv. based on microsatellite markers. In: III International Symposium on Forage Breeding, 2011, Bonito - MS. III SIMF Proceedings. Campo Grande - MS: Embrapa, 2011. v. Livro4. p. 98-48.


18.
Adna CB Sousa; Carvalho, M. A. ; Campos, Tatiana ; Silva, GT ; Zucchi, M.I. ; JANK, L. ; Souza, Anete P. . Diversity and Structure Genetic of the Calopogonium mucunoides Desv. Germplasm and Assembling Core Collection. In: III International Symposium on Forage Breeding, 2011, Bonito - MS. III SIMF Proceedings. Campo Grande - MS: Embrapa, 2011. v. Livro4. p. 98-98.


19.
Sobierajski, GR ; JUNGMANN, L. ; Adna CB Sousa ; SOUZA, A. P. ; Garcia, A. F. G. . Desenvolvimento e Caracterização de Marcadores Microssatélites em Macadamia integrifolia. In: 5° Congresso Brasileiro de Melhoramento de Plantas, 2009, Guarapari-ES. Sociedade Brasileira de Melhoramento de Plantas - SBMP, 2009.


20.
SOUSA, A. C. B.; CAMPOS, T. ; Sforça D. A. ; JUNGMANN, L. ; JANK, L. ; Zucchi, M. I. ; SOUZA, A. P. . Microsatellite Markers in Molecular Characterization of the Germplasm Bank of Panicum maximum Jacq.. In: II Simpósio Internacional sobre Melhoramento de Forrageiras, 2009, Campo Grande. II Simpósio Internacional sobre Melhoramento de Forrageiras. Campo Grande: Embrapa, 2009.


21.
Adna CB Sousa; Godoy, R. ; Zucchi, M. I. ; JUNGMANN, L. ; Campos, Tatiana ; JANK, L. ; Sforça, Danilo A. ; SOUZA, A. P. . Molecular characterization of genotypes selected from the germplasm bank of Cajanus cajan (L.) Millsp and cross-species amplification in three legume species.. In: II Simpósio Internacional sobre Melhoramento de Forrageiras, 2009, Campo Grande. II Simpósio Internacional sobre Melhoramento de Forrageiras. Campo Grande: Embrapa, 2000.


22.
GUIDUGLI, M. C. ; RAMOS, R. F. ; Sousa ACB ; CAMPOS, T. ; Mestriner, M A. ; Contel, E. P.B. ; Alzate-Marin, A. L . Development of microsatellite DNA markers to study the mode of reproduction of the tropical species Cariniana estrellensis (Raddi) Kuntze. In: XX International Congress on Sexual Plant Reproduction, 2008, Brasília-DF. XX International Congress on Sexual Plant Reproduction, 2008. v. 8.


23.
Sousa ACB; JANK, L. ; JUNGMANN, L. ; SOUZA, A. P. . Caracterização molecular de genótipos selecionados de banco ativo do germoplasma de Panicum maximum. In: International Symposium on Forage Breeding, 2007, Campo Grande - MS. SIMF, 2007.


24.
CIDADE, F. W. ; SOUZA-CHIES, T. T. ; Adna CB Sousa ; CAMPOS, T. ; Dall´Agnol, M ; Batista, LRR ; Souza, Anete P. . Caracterização de Marcadores Moleculares Microssatélite em Acessos de Paspalum notatum FL.. In: I Simpósio Interncional sobre melhoramento de forrageiras, 2007, Campo Grande - MS. I Simpósio Interncional sobre melhoramento de forrageiras. Campo Grande: Embrapa, 2007.


Resumos publicados em anais de congressos

1.
LEAL, A. S. ; SILVA, H. A. S. ; MELO, ; FERNANDES, J. V. F. ; Sousa, Adna CB. ; ALMEIDA, ANDRÉA FARIAS DE . AVALIAÇÃO DO EXTRATO AQUOSO DE ALGAROBA COMO SUBSTRATO PARA A PRODUÇÃO DE ENZIMAS PECTINOLÍTICAS POR ISOLADOS FÚNGICOS. In: II Workshop de polissacarídeos, 2024, JOAO PESSOA. II Workshop de polissacarídeos. JOAO PESSOA: UFPB, 2024. v. 1. p. 1-2.


2.
SILVA, H. A. S. ; FERNANDES, J. V. F. ; MELO, NATTANAEL COSTA ; Sousa, Adna CB. ; ALMEIDA, A. F. . AVALIAÇÃO DO ENGAÇO DE UVA COMO SUBSTRATO PARA A PRODUÇÃO DE ENZIMAS CELULOLÍTICAS POR PAECILOMYCES SP. TP08. In: II Workshop de polissacarídeos:biomassa e seus derivados, 2024, JOAO PESSOA. II Workshop de polissacarídeos. JOAO PESSOA: UFPB, 2024. v. 1. p. 2-3.


3.
CASTRO, A. B. P. ; FERREIRA, G. S. ; Sousa, Adna CB. . UTILIZAÇÃO DE FUNGOS ENTOMOPATOGÊNICOS NO CONTROLE DE PRAGAS. In: IV CONGRESSO NACIONAL DE ENTOMOLOGIA ON-LINE, 2024, online. IV CONAENT, 2024. v. 1. p. 1-1.


4.
CASTRO, A. B. P. ; COSTA, D. M. S. ; RAMIRES, C. M. C. ; SOUZA, L. C. ; Sousa, Adna CB. . AVALIAÇÃO DO POTENCIAL INSETICIDA DE DEFENSIVOS NATURAIS SOBRE PRAGAS AGRÍCOLAS. In: IV CONGRESSO NACIONAL DE ENTOMOLOGIA ON-LINE, 2024, ONLINE. IV CONAENT, 2024. v. 1. p. 1-1.


5.
FERNANDES, J. V. F. ; Adna Cristina Barbosa de Sousa. . Utilização de resíduos sólidos e líquidos cervejeiros na produção de ?spawn? de Pleurotus ostreatus var. florida (Shimeji branco). In: XXXI Encontro de Iniciação Científica, 2023, João Pessoa. Anais do XXXI Encontro de Iniciação Científica. João Pessoa: UFPB, 2023. v. 1. p. 1-1.


6.
CASTRO, A. B. P. ; Sousa, Adna CB. . Produção de ?spawn? do cogumelo comestível Pleurotus djamor (Rumph. ex Fr.) Boedijn (1959) em substratos alternativos suplementados com resíduos líquidos cervejeiros. In: XXXI Encontro de Iniciação Científica, 2023, João Pessoa - PB. Anais do XXXI Encontro de Iniciação Científica. João Pessoa: UFPB, 2023. v. 1. p. 1-1.


7.
ALMEIDA, G. I. L. ; Sousa, Adna CB. . Utilização do malte e da palha do feijão verde suplementados com resíduos líquidos cervejeiros na produção de ?spawn? do Shimeji preto (Pleurotus ostreatus). In: XXXI Encontro de Iniciação Científica, 2023, João Pessoa - PB. Anais do XXXI Encontro de Iniciação Científica. João Pessoa: UFPB, 2023. v. 1. p. 1-1.


8.
FERNANDES, J. V. F. ; CASTRO, A. B. P. ; ALBUQUERQUE, V. T. N. ; LUNA-FREIRE, K. R. ; Adna Cristina Barbosa de Sousa. . Aproveitamento Sustentável de Resíduos Cervejeiros na Cultura de Shimeji Branco (Pleurotus ostreatus var. florida). In: 11ª Semana de Biociências e Biotecnologia em Saúde - SBBS, 2023, Recife-PE. Anais do SSBS. Recife - PE: FIOCRUZ, 2023. v. 1. p. 1-1.


9.
BARROS, M. C. ; Sousa, A.C.B. . AVALIAÇÃO DO DESENVOLVIMENTO E DA CONIDIOGÊNESE DE METARHIZIUM ANISOPLIAE VAR. ANISOPLIAE (METCHNIKOFF) SOROKIN PERANTE AGROQUÍMICOS PARA DETERMINAR A SUA COMPATIBILIDADE NO MANEJO INTEGRADO DE AGROTIS IPSILON (HUFNAGEL, 1766). In: I Simpósio de Biotecnologia - I SIMBIOTEC, 2022, João Pessoa. I SIMBOTEC. João Pessoa: UFPB, 2022. v. 1. p. 1-1.


10.
BARROS, M. C. E. ; Adna Cristina Barbosa de Sousa. . Influência da luz na produção do inóculo e frutificação do cogumelo comestível Pleurotus ostreatus (Shimeji preto) em resíduos agroindustriais. In: XXX ENIC, 2022, João Pessoa. XXX ENIC. João Pessoa: UFPB, 2022. v. 1. p. 1-1.


11.
FERNANDES, J. V. F. ; Adna Cristina Barbosa de Sousa. . Utilização de diferentes substratos para a produção de inóculo de Pleurotus ostreatus var. florida(Jacq. Fr.) Kumm. In: XXX ENIC, 2022, João Pessoa. XXX ENIC. João Pessoa: UFPB, 2022. v. 1. p. 2-2.


12.
BARROS, M. C. E. ; ALBUQUERQUE, V. T. N. ; Bandeira LBP ; LUNA-FREIRE, K. R. ; Sousa, Adna CB. . INFLUÊNCIA DA LUZ NA PRODUÇÃO DO INÓCULO E FRUTIFICAÇÃO DO COGUMELO COMESTÍVEL Pleurotus ostreatus (SHIMEJI PRETO) EM RESÍDUOS AGROINDUSTRIAIS. In: 10ª Semana de Biociências e Biotecnologia em Saúde - SBBS, 2022, Recife-PE. SBBS. Recife: FIOCRUZ, 2022. v. 1. p. 1-2.


13.
BARROS, M. C. E. ; Sousa, A.C.B. . Efeito fungitóxico de agroquímicos sobre Beauveria brongniartii e Paecilomyces sp. usados no controle biológico da lagarta-rosca Agrotis ipsilon (Hufnagel, 1766) (Lepidoptera, Noctuidae). In: XXIX Enic, 2021, João Pessoa. Anais do XXIX Encontro de Iniciação Científica. João Pessoa: Editora UFPB, 2021. v. 1. p. 10-11.


14.
ALBUQUERQUE, V. T. N. ; BARROS, M. C. E. ; Sousa, A.C.B. . RESÍDUO DE MALTE CERVEJEIRO: UM SUBSTRATO ALTERNATIVO PARA PRODUÇÃO DO COGUMELO COMESTÍVEL Pleurotus ostreatus var. florida (JACQ.) P. KUMM.. In: CINASAMA - CONGRESSO INTERNACIONAL DE SAÚDE E MEIO AMBIENTE II Edição on-line, 2021, João Pessoa. CINASAMA 2021 - 2° EDIÇÃO ON-LINE. IMEA, 2021. v. 1. p. 1-20.


15.
SANTOS, F. P. ; NASCIMENTO, M. H. ; CASTOR, R. B. ; COSTA, D. M. S. ; Sousa, A.C.B. . Momordica charantia: UTILIZAÇÕES MEDICINAIS E ATIVIDADES TERAPÊUTICAS. In: CINASAMA - CONGRESSO INTERNACIONAL DE SAÚDE E MEIO AMBIENTE II Edição on-line, 2021, João Pessoa. CINASAMA 2021 - 2° EDIÇÃO ON-LINE. João Pessoa: IMEA, 2021. v. 1. p. 30-37.


16.
BARROS, M. C. E. ; ALBUQUERQUE, V. T. N. ; Sousa, A.C.B. . EFEITO FUNGITÓXICO DE AGROQUÍMICOS SOBRE FUNGOS ENTOMOPATOGÊNICOS USADOS NO BIOCONTROLE DA LAGARTA-ROSCA AGROTIS IPSILON (HUFNAGEL, 1766). In: CINASAMA - CONGRESSO INTERNACIONAL DE SAÚDE E MEIO AMBIENTE II Edição on-line, 2021, João Pessoa. CINASAMA 2021 - 2° EDIÇÃO ON-LINE. João Pessoa: IMEA, 2021. v. 1. p. 21-29.


17.
Bandeira LBP ; Sousa, Adna CB. . Efeito de produtos fitossanitários sobre Beauveria bassiana (Bals) Vuillemin usado no biocontrole da lagarta-rosca Agrotis ipsilon (Hufnagel, 1766) (Lepidoptera, Noctuidae). In: XXVIII Encontro de Iniciação Científica, 2020, João Pessoa. Anais do XXVIII Encontro de Iniciação Científica. João Pessoa: UFPB, 2020. v. 1. p. 1-1.


18.
SOUSA, J. F. ; Sousa, Adna CB. . Compatibilidade de bioinseticidas utilizados no controle da lagarta-rosca Agrotis ipsilon (Hufnagel, 1766) (Lepidoptera, Noctuidae) com Aspergillus sp. NA01. In: XXVIII Encontro de Iniciação Científica, 2020, João Pessoa. Anais do XXVIII Encontro de Iniciação Científica. João Pessoa: UFPB, 2020. v. 1. p. 1-1.


19.
BARROS, M. C. E. ; Sousa, Adna CB. . Avaliação do efeito fungitóxico de inseticidas sobre o desenvolvimento e conidiogênese de Metarhizium anisopliae var. anisopliae (Metchnikoff) Sorokin usados no biocontrole da lagarta-rosca Agrotis ipsilon (Hufnagel, 1766) (Lepidoptera, Noctuidae). In: XXVIII Encontro de Iniciação Científica, 2020, João Pessoa. Anais do XXVIII Encontro de Iniciação Científica. João Pessoa: UFPB, 2020. v. 1. p. 1-1.


20.
Bandeira LBP ; MENDES, A. F. ; Sousa, Adna CB. . Efeito de produtos fitossanitários sobre Beauveria bassiana (Bals) Vuillemin usado no biocontrole da lagarta-rosca Agrotis ipsilon (Hufnagel, 1766) (Lepidoptera, Noctuidae). In: CONGRESSO INTERNACIONAL DE SAÚDE E MEIO AMBIENTE, 2020, João Pessoa. CINASAMA 2020 - 1° EDIÇÃO ON-LINE. João Pessoa: CINASAMA, 2020. v. 1. p. 1-1.


21.
Bandeira LBP ; Silva YV ; Martins EA ; Adna CB Sousa . Efeito bioinseticida de Beauveria bassiana (Bals) Vuillemin sobre Agrotis ipsilon (Hufnagel, 1766). In: I Simposio de Biotecnologia da UFRN - Inovacao e impreendedorismo, 2019, Natal. I SIMBIOT, 2019. v. 1. p. 1-1.


22.
Silva YV ; Bandeira LBP ; Martins EA ; Adna CB Sousa . Fungo Metarhizium anisopliae var. anisopliae como bioinseticida para Lagarta-rosca Agrotis ipsilon (Hufnagel, 1766). In: I Simpósio de Biotecnologia da UFRN, 2019, Natal. I SIMBIOT. João Pessoa, 2019. v. 1. p. 1-1.


23.
MARINHO, G. C. S. ; SOUSA, J. F. ; BARROS, M. C. ; QUEIROZ, C. ; SILVA, G. M. A. ; Adna CB Sousa . ATIVIDADE PROTEOLÍTICA QUALITATIVA DE FUNGOS FILAMENTOSOS ISOLADOS DA ÁGUA DE AQUÁRIO DE PEIXE-ZEBRA (Danio rerio). In: I ENCONTRO CIENTÍFICO DOS PROGRAMAS DE PÓS-GRADUAÇÃO DO CENTRO DE BIOTECNOLOGIA, 2019, João Pessoa. I ECPPG - CBIOTEC. João Pessoa: EDITORA DA UFPB, 2019. v. 1. p. 1-36.


24.
Bandeira LBP ; Adna Cristina Barbosa de Sousa. . Avaliação da capacidade bioinseticida do fungo entomopatogênico Beauveria bassiana (Bals) Vuillemin contra a lagarta-rosca Agrotis ipsilon (Hufnagel, 1766) (Lepidoptera, Noctuidae). In: XXVII Encontro de Iniciação Científica, 2019, João Pessoa. XXVII Encontro de Iniciação Científica. João Pessoa: UFPB, 2019. v. 1. p. 1-5.


25.
Silva YV ; Adna Cristina Barbosa de Sousa. . Avaliação da patogenicidade do fungo entomopatogênico Metarhizium anisopliae var. anisopliae (Metchnikoff) Sorokin contra a lagarta-rosca Agrotis ipsilon (Hufnagel, 1766) (Lepidoptera, Noctuidae). In: XXVII Encontro de Iniciação Científica, 2019, João Pessoa. XXVII Encontro de Iniciação Científica. João Pessoa: UFPB. v. 1. p. 6-12.


26.
Martins EA ; Adna Cristina Barbosa de Sousa. . Especificidade do fungo filamentoso Aspergillus sp. sobre a lagarta-rosca Agrotis ipsilon (Hufnagel, 1766) (Lepidoptera, Noctuidae). In: XXVII Encontro de Iniciação Científica, 2019, João Pessoa. XXVII Encontro de Iniciação Científica. João Pessoa: UFPB, 2019. v. 1. p. 13-18.


27.
Bandeira LBP ; Martins EA ; Silva YV ; Sousa, Adna CB. . Controle microbiano da lagarta-rosca Agrotis ipsilon (Hunfagel, 1766) (Lepidoptera, Noctuidae) por fungos filamentosos entomopatogênicos. In: II Encontro de Biotecnologia do Nordeste - RENORBIO 2019, 2019, Fortaleza. ANAIS RENORBIO 2019. Nordeste: Renorbio, 2019. v. 1. p. 1-2.


28.
SILVA, C. T. A. ; OLIVEIRA, B. T. M. ; QUEIROZ, C. ; MEDEIROS, H. G. A. ; Adna Cristina Barbosa de Sousa. . Avaliação da atividade proteolítica de fungos filamentosos in vitro. In: I Simpósio de Biotecnologia do Nordeste, 2018, João Pessoa. I Simpósio de Biotecnologia do Nordeste. João Pessoa, 2018.


29.
VIEIRA, L. N. ; MAGALHAES, V. F. ; MORAES, B. T. ; PEREIRA, A. K. F. T. C. ; JF, James ; Adna CB Sousa . Análise citomorfológica de fungos filamentosos isolados de cadáveres acondicionados no Laboratório de Anatomia. In: XXVIII Congresso Brasileiro de Anatomia; XXXIX Congresso Chileno de Anatomia; IV Encontro das ligas Estudantis de Morfologia, 2018, João Pessoa. Sociedade Brasileira de Anatomia, 2018.


30.
MAGALHAES, V. F. ; DANTAS, E. P. S. M. ; VIEIRA, L. N. ; MORAES, B. T. ; JF, James ; Adna CB Sousa . Fungos anemófilos isolados do Laboratório Didático de Anatomia Humana. In: XXVIII Congresso Brasileiro de Anatomia; XXXIX Congresso Chileno de Anatomia; IV Encontro das Ligas Estudantis de Morfologia, 2018, João Pessoa. Sociedade Brasileira de Anatomia, 2018.


31.
QUEIROZ, C. ; Adna CB Sousa . Enzimas proteolíticas produzidas por fungos filamentosos. In: ENIC 2018, 2018, João Pessoa. Seminário de Iniciação Científica, 2018.


32.
Adna CB Sousa; QUEIROZ, C. ; BONIFACIO, T. T. C. ; ANDRADE, A. S. A. ; ALMEIDA, A. F. . Produção de celulases por fungos filamentosos através da fermentação submersa, utilizando como substrato a vinhaça. In: CONGRESSO INTERNACIONAL DE SAÚDE E MEIO AMBIENTE, 2018, João Pessoa. CINASAMA 2018 - Impactos da poluíção na saúde e no meio ambiente, 2018.


33.
Bandeira LBP ; MORAIS, V. C. ; LE, N. K. R. ; QUEIROZ, C. ; Adna CB Sousa . POTENCIAL DO FUNGO ENTOMOPATOGÊNICO BEAUVERIA BASSIANA (BALS) VUILLEMIN NO BIOCONTROLE DA LAGARTA-ROSCA Agrotis ipsilon (HUFNAGEL, 1766) (LEPIDOPTERA, NOCTUIDAE), UMA PRAGA DAS HORTALIÇAS. In: CONGRESSO INTERNACIONAL DE SAÚDE E MEIO AMBIENTE, 2018, João Pessoa. CINASAMA 2018 - Impactos da poluíção na saúde e no meio ambiente, 2018.


34.
Martins EA ; MORAIS, V. C. ; SILVA, Y. V. ; LE, N. K. R. ; Adna CB Sousa . ESPECIFICIDADE DO FUNGO FILAMENTOSO Aspergillus sp. SOBRE A LAGARTA-ROSCA Agrotis ipsilon (HUFNAGEL, 1766) (LEPIDOPTERA, NOCTUIDAE), UMA DAS PRAGAS DO ALGODOEIRO. In: CONGRESSO INTERNACIONAL DE SAÚDE E MEIO AMBIENTE, 2018, João Pessoa. CINASAMA 2018 - Impactos da poluíção na saúde e no meio ambiente, 2018.


35.
PINTO, J. E. L. ; QUEIROZ, C. ; Martins EA ; Bandeira LBP ; Adna CB Sousa . CAPACIDADE BIOINSETICIDA DE FUNGOS FILAMENTOSOS ENTOMOPATOGÊNICOS SOBRE A LAGARTA DA MAÇÃ-DO-ALGODOEIRO Heliothis virescens (FABRICIUS, 1777) (LEPIDOPTERA: NOCTUIDAE). In: CONGRESSO INTERNACIONAL DE SAÚDE E MEIO AMBIENTE, 2018, João Pessoa. CINASAMA 2018 - Impactos da poluíção na saúde e no meio ambiente, 2018.


36.
Silva YV ; Bandeira LBP ; Martins EA ; MORAIS, V. C. ; Adna CB Sousa . CONTROLE MICROBIANO DA LAGARTA-ROSCA AGROTIS IPSILON (HUFNAGEL, 1766) (LEPIDOPTERA, NOCTUIDAE) COM O FUNGO ENTOMOPATOGÊNICO METARHIZIUM ANISOPLIAE VAR. ANISOPLIAE (METCHNIKOFF) SOROKIN. In: CONGRESSO INTERNACIONAL DE SAÚDE E MEIO AMBIENTE, 2018, João Pessoa. CINASAMA 2018 - Impactos da poluíção na saúde e no meio ambiente, 2018.


37.
BONIFACIO, T. T. C. ; ARRUDA, R. R. A. ; SANTOS, J. R. D. A. ; ARAUJO, M. I. F. ; Adna CB Sousa . Produção enzimática por Beauveria bassiana, através da fermentação submersa, utilizando como substrato a vinhaça. In: CONGRESSO INTERNACIONAL DE SAÚDE E MEIO AMBIENTE, 2018, João Pessoa. CINASAMA 2018 - Impactos da poluíção na saúde e no meio ambiente, 2018.


38.
BEZERRA, N. S. ; AMARAL, I. P. G. ; TAVARES, L. M. ; Adna CB Sousa . Eficiência de um isolado de Aspergillus sp. sobre Tenebrio molitor L. (Coleoptera: Tenebrionidae) em condições laboratoriais. In: RENORBIO 2017, 2017, Natal. Resumos RENORBIO 2017, 2017.


39.
TAVARES, L. M. ; FERREIRA, G. F. ; SILVA, G. M. A. ; BEZERRA, N. S. ; Adna CB Sousa . Produção e viabilidade de Metarhizium anisopliae em meio de cultura a base resíduo de malte. In: RENORBIO 2017, 2017, Natal. Resumos RENORBIO 2017, 2017.


40.
ANDRADE, A. S. A. ; Adna CB Sousa ; OLIVEIRA NETO, N. J. ; ALMEIDA, A. F. . Produção de enzimas celulolíticas por Bacillus sp. a partir do bagaço de cajá. In: RENORBIO 2017, 2017, Natal. Resumos RENORBIO 2017, 2017.


41.
SILVA, G. M. A. ; FERREIRA, G. F. ; ALMEIDA, A. F. ; Adna CB Sousa . Produção de enzimas celulolíticas por fermentação em estado sólido a partir da fibra da algaroba. In: RENORBIO 2017, 2017, Natal. Resumos RENORBIO 2017, 2017.


42.
FERREIRA, G. F. ; ALMEIDA, A. F. ; BEZERRA, N. S. ; TAVARES, L. M. ; SILVA, G. M. A. ; Adna CB Sousa . Fibra da algaroba: um substrato alternativo para produção de conídios de Metarhizium anisopliae var. anisopliae. In: RENORBIO 2017, 2017, Natal. Resumos RENORBIO 2017, 2017.


43.
TAVARES, L. M. ; Sousa, Adna CB . Produção de conídios do fungo entomopatogênico Matarhizium anisopliae var. anisopliae em meio de cultura a base de resíduo agroindustrial. In: XXV Encontro de Iniciação Científica, 2017, João Pessoa. XXV ENIC, 2017.


44.
MEDEIROS, H. G. A. ; Sousa, Adna CB . Isolamento e identificação de fungos filamentosos encontrados em peças anatômicas humanas conservadas em solução de formaldeido. In: XXV Encontro de Iniciação Científica, 2017, João Pessoa. XXV ENIC, 2017.


45.
FERREIRA, G. F. ; Sousa, Adna CB . Viabilidade dos conídios do fungo entomopatogênico Metarhizium anisopliae var. anisopliae produzidos no extrato bruto da algaroba (prosopis juliflora (SW.) DC). In: XXV Encontro de Iniciação Científica, 2017, João Pessoa. XXV ENIC, 2017.


46.
TAVARES, L. M. ; BEZERRA, N. S. ; Sousa, Adna CB . Conidiogênese do fungo entomopatogênico Metarhizium anisopliae var. anisopliae em meio de cultura à base de resíduos agroindustriais. In: Congresso Nacional de Saúde e Meio Ambiente, 2017, João Pessoa. CINASAMA 2017, 2017.


47.
MEDEIROS, H. G. A. ; BEZERRA, N. S. ; TAVARES, L. M. ; Sousa, Adna CB . Ocorrência de Fungos Alergênicos em Peças Anatômicas Humana, Acondicionadas no Complexo Laboratorial de Anatomia da Universidade Federal da Paraíba, João Pessoa, PB. In: Congresso Nacional de Saúde e Meio Ambiente, 2017, João Pessoa. CINASAMA 2017, 2017.


48.
SILVA, C. T. A. ; OLIVEIRA, B. T. M. ; QUEIROZ, C. ; MEDEIROS, H. G. A. ; Sousa, Adna CB . Bioprospecção de fungos filamentosos entomopatogênicos para produção de enzimas proteolíticas em meio de cultura sólido. In: Congresso Nacional de Saúde e Meio Ambiente, 2017, João Pessoa. CINASAMA 2017, 2017.


49.
BONIFACIO, T. T. C. ; MORAES, B. T. ; RIQUE, A. S. ; PEREIRA, A. K. F. T. C. ; JF, James ; Sousa, Adna CB . Filamentous fungi detected on surfaces of formalin fixed anatomy cadavers. In: 28 Congresso Brasileiro de Microbiologia, 2015, Florianópolis. 28 Congresso Brasileiro de Microbiologia. São Paulo: Sociedade Brasileira de Microbiologia - SBM, 2015.


50.
PAIVA-GUIMARAES, A. G. L. ; LUNA-FREIRE, K. R. ; SANTOS, S. F. M. ; ALMEIDA, A. F. ; Sousa, Adna CB . Agroindustrial residues as substrates for production of the Beauveria bassiana entomopathogenic fungus. In: 28 Congresso Brasileiro de Microbiologia, 2015, Florianópolis. 28 Congresso Brasileiro de Microbiologia. Florianópolis: Sociedade Brasileira de Microbiologia, 2015.


51.
BONIFACIO, T. T. C. ; RIQUE, A. S. ; MORAES, B. T. ; PEREIRA, A. K. F. T. C. ; JF, James ; Sousa, Adna CB . Occurrence of airborne fungi in the laboratory of human anatomy of the Paraíba Federal University, João Pessoa, Brazil. In: 28 Congresso Brasileiro de Microbiologia, 2015, Florianóplis. 28 Congresso Brasileiro de Microbiologia. Florianópolis: Sociedade Brasileira de Microbiologia, 2015.


52.
Campos, Tatiana ; Sousa, Adna Cristina Barbosa de ; FERREIRA, J. A. F. ; AZEVEDO, H. S. F. S. ; YOMURA, R. B. T. ; OLIVEIRA, J. C. ; Assis, GML . Detecção de hibridação entre espécies de Arachis. In: XXIV Seminário de Iniciação Científica da Universidade Federal do Acre - UFAC, 2015, Rio Branco. XXIV Seminário de Iniciação Científica. Rio Branco: UFAC, 2015.


53.
Campos, T. ; YOMURA, R. B. T. ; AZEVEDO, H. S. F. S. ; OLIVEIRA, J. C. ; Sousa, Adna Cristina Barbosa de ; FLORES, P. S. . Certificação genética de genótipos de mandioca para indicação geográfica. In: XXIV Seminário de Iniciação Científica da Universidade Federal do Acre - UFAC, 2015, Rio Branco. XXIV Seminário de Iniciação Científica. Rio Branco: UFAC, 2015.


54.
OLIVEIRA, J. C. ; RUFINO, P. B. ; AZEVEDO, H. S. F. S. ; Assis, GML ; Sousa, Adna Cristina Barbosa de ; Campos, Tatiana . Estimativa da reprodução cruzada em amendoim forrageiro usando microssatélites. In: XXIV Seminário de Iniciação Científica da Universidade Federal do Acre - UFAC, 2015, Rio Branco. XXIV Seminário de Iniciação Científica da Universidade Federal do Acre - UFAC. Rio Branco: UFAC, 2015.


55.
AZEVEDO, H. S. F. S. ; OLIVEIRA, J. C. ; Adna CB Sousa ; Assis, GML ; Campos, T. . Transferência de primers heterólogos entre espécies do gênero Arachis. In: XXIV Seminário de Iniciação Científica da Universidade Federal do Acre - UFAC, 2015, Rio Branco. XXIV Seminário de Iniciação Científica. Rio Branco: UFAC, 2015.


56.
AZEVEDO, H. S. F. S. ; FERREIRA, J. A. F. ; Sousa, Adna Cristina Barbosa de ; Assis, GML ; Campos, T. . Coleção nuclear de germoplasma de amendoim forrageiro. In: XXIV Seminário de Iniciação Científica da Universidade Federal do Acre - UFAC, 2015, Rio Branco. XXIV Seminário de Iniciação Científica. Rio Branco: UFAC, 2015.


57.
AZEVEDO, H. S. F. S. ; YOMURA, R. B. T. ; Sousa, Adna Cristina Barbosa de ; Assis, GML ; Campos, T. . Análise da variedade molecular de um banco ativo de germoplasma de amendoim forrageiro. In: XXIV Seminário de Iniciação Científica da Universidade Federal do Acre - UFAC, 2015, Rio Branco. XXIV Seminário de Iniciação Científica. Rio Branco: UFAC, 2015.


58.
PAIVA-GUIMARAES, A. G. L. ; ALMEIDA, A. F. ; Sousa, Adna Cristina Barbosa de . Production of amylolytic enzymes from Beauveria bassiana (Bals.) Vuillemin in medium containing Prosopis juliflora (SW) DC) as a substrate. In: 6 Congresso de Biotecnologia, 2015, Brasília. 6 Congresso de Biotecnologia. Brasília: Congresso de Biotecnologia, 2015.


59.
LOPES, V. R. F. ; Sousa, Adna Cristina Barbosa de . Caracterização do ciclo celular em células meristemáticas radiculares de Allium cepa L. do bulbo grande. In: Encontro Unificado de Iniciação Científica - ENIC, 2015, João Pessoa. ENIC 2015. João Pessoa: UFPB, 2015.


60.
MARINHO, G. C. S. ; Sousa, Adna Cristina Barbosa de . Atividade enzimática e caracterização citomorfológica de um isolado de Beauveria bassiana (Bals.) Vuillemin in vitro. In: Encontro Unificado de Iniciação Científica - ENIC, 2015, João Pessoa. ENIC 2015, 2015.


61.
SILVA, G. M. A. ; Sousa, Adna Cristina Barbosa . INFECÇÃO IN VITRO DO FUNGO METARHIZIUM ANISOPLIAE NO CARRAPATO BOOPHILUS MICROPLUS EM CONDIÇÕES EXPERIMENTAIS. In: IX Reunião Regional da Federal de Sociedades de Biologia Experimental - FeSBE, 2014, João Pessoa/PB. FeSBE, 2014.


62.
SILVA, G. M. A. ; GOMES, U. V. R. ; Sousa, Adna CB. . Action of the fungus Metarhizium anisopliae (Metschnikoff, 1879) Sorokin, 1883, on the tick Boophilus microplus (Canestrini, 1887). In: XIV Encontro Nacional de Microbiologia Ambiental - ENAMA, 2014, João Pessoa. ENAMA, 2014.


63.
SILVA, G. M. A. ; GOMES, U. V. R. ; Sousa, Adna C. B. . Evaluation of Metarhizium anisopliae (Metsch.) Sorokin in vitro: an entomopathogenic fungus. In: XIV Encontro Nacional de Microbiologia Ambiental - ENAMA, 2014, João Pessoa. ENAMA, 2014.


64.
Dantas LG ; ESPOSITO, T. ; Sousa, Adna Cristina Barbosa ; L, Félix. ; L L B Amorim ; Benko-Iseppon AM ; HARAND, A. P. . Diversidade e diferenciação genética da gimnosperma nativa Podocarpus sellowii em populações relictuais de Brejos de Altitudes nordestinos. In: XX ENGENE ENCONTRO DE GENÉTICA DO NORDESTE, 2014, Campina Grande. XX ENGENE. Recife: EGBN, 2014. v. 1. p. 327-328.


65.
SILVA, G. M. A. ; Adna Cristina Barbosa de Sousa. . Avaliação da patogenicidade do fungo entomopatogênico Metarhizium anisopliae (Metchnikoff) Sorokin isolado de solo de um sistema agroflorestal contra o carrapato Boophilus microplus. In: Encontro Unificado de Iniciação Científica - ENIC, 2014, João Pessoa - PB. ENIC - 2014, 2014. v. 1. p. 5.


66.
FORTES, N. G. S. ; SILVA, M. N. ; SANTOS, E. C. S. ; LEAO, M. P. C. ; Adna C B Sousa . ASPECTOS BIOLÓGICOS E MORFOLÓGICOS DO FUNGO Metarhizium anisopliae var. anisopliae (METSCH.) SOROKIN APÓS REISOLADO DE Mahanarva posticata (HEMIPTERA: CERCOPIDAE). In: X SEMBIO - Semana de Biologia, 2013, Paulo Afonso. SEMB10. Salvador: UNEB, 2013.


67.
FORTES, N. G. S. ; SILVA, M. N. ; SANTOS, E. C. S. ; LEAO, M. P. C. ; Adna CB Sousa . ANÁLISE MORFOLÓGICA DO PROCESSO DE INFECÇÃO DO FUNGO Metarhizium anisopliae var. anisopliae EM Boophilus microplus E Zabrotes subfasciatus. In: X SEMBIO - Semana de Biologia, 2013, Paulo Afonso. SEMB10. Salvador: UNEB, 2013.


68.
SILVA, G. M. H. ; Adna Cristina Barbosa de Sousa. . Proteolytic activity of the entomophatogenic fungus Metarhizium anisopliae on noncuticular substrate. In: I Simpósio de Biotecnologia, 2013, João Pessoa/PB. Anais do I Simpósio de Biotecnologia, 2013.


69.
DANTAS, M. P. ; SILVA, J. ; SILVA, C. ; NEVES, L. ; Sousa, Adna Cristina Barbosa de . Ocorrência do Gênero Aspergillus em Amendoim Comercializado na Feira Livre de Paulo Afonso, Bahia, Brasil. In: SEMBIO10, 2013, Paulo Afonso. SEMBIO10. Salvador: UNEB, 2013.


70.
SANTOS, E. C. S. ; SILVA, M. N. ; FORTES, N. G. S. ; Adna CB Sousa . AVALIAÇÃO MORFOLÓGICA E ATIVIDADE ENZIMÁTICA DE BEAUVERIA BASSIANA (BALSAMO) VUILLEMIN UTILIZANDO LEITE COMO FONTE DE NITROGÊNIO. In: SEMBIO10, 2013, Paulo Afonso. SEMBIO10. Salvador: UNEB, 2013.


71.
SILVA, M. N. ; FORTES, N. G. S. ; SANTOS, E. C. S. ; LEAO, M. P. C. ; Adna Cristina Barbosa de Sousa. . ANÁLISE MORFOLÓGICA DO PROCESSO DE INFECÇÃO EM Boophilus microplus UTILIZANDO Beauveria brongniartii (SACC) PETCH. In: SEMBIO10, 2013, Paulo Afonso. SEMBIO10. Salvador: UNEB, 2013.


72.
Adna CB Sousa; Carvalho, M. A. ; Braga FB ; Souza, Anete P. . Genetic relationships between Centrosema species. In: XIX Encontro de Genética do Nordeste, 2012, Juazeiro - BA. XIX Encontro de Genética do Nordeste. Ribeirão Preto: SBG, 2012.


73.
Adna C B Sousa; Carvalho, M. A. ; Braga FB ; Souza, Anete Pereira . Outcrossing rate in Centrosema pubescens Benth. In: XIX Encontro de Genética do Nordeste, 2012, Juazeiro - BA. XIX Encontro de Genética do Nordeste. Ribeirão Preto: SBG, 2012.


74.
FORTES, N. G. S. ; NASCIMENTO, T. P. ; SILVA, M. N. ; LEAO, M. P. C. ; Sousa, Adna Cristina Barbosa de . Aspecto citomorfológico de Metarhizium anisopliae (Metsch.) Sorokin após passagem em Mahanarva posticata. In: II Encontro Pernambucano de Micologia - EPEM, 2012, Recife - PE. EPEM - II Encontro Pernambucano de Micologia, 2012.


75.
CARANDO, J. N. O. ; SANTOS, L. N. M. ; CRUZ, J. A. M. ; LEAO, M. P. C. ; Adna Cristina Barbosa de Sousa. . Aspecto citológico de Candida parapsilosis isolada de sangue de neonato prematuro. In: II Encontro Pernambucano de Micologia - EPEM, 2012, Recife - PE. EPEM - II Encontro Pernambucano de Micologia, 2012.


76.
SILVA, M. N. ; FORTES, N. G. S. ; NASCIMENTO, T. P. ; LEAO, M. P. C. ; Sousa, Adna Cristina barbosa de . Estudo citológico e Comportamental de Baeuveria brongniartii em diferentes meios de cultura. In: II Encontro Pernambucano de Micologia - EPEM, 2012, Recife - PE. EPEM - II Encontro Pernambucano de Micologia, 2012.


77.
SANTOS, L. N. M. ; CARANDO, J. N. O. ; CRUZ, J. A. M. ; LEAO, M. P. C. ; Adna Cristina Barbosa de Sousa. . Comportamento e aspecto citomorfológico de Aspergillus fumigatus. In: II Encontro Pernambucano de Micologia - EPEM, 2012, Recife - PE. EPEM - II Encontro Pernambucano de Micologia, 2012.


78.
CRUZ, J. A. M. ; CARANDO, J. N. O. ; SANTOS, L. N. M. ; LEAO, M. P. C. ; Adna Cristina Barbosa de Sousa. . Característica citomorfológica de Fusarium Verticillioides Sacc. Nirenberg, um fungo fitopatogênico. In: II Encontro Pernambucano de Micologia - EPEM, 2012, Recife - PE. EPEM - II Encontro Pernambucano de Micologia, 2012.


79.
NASCIMENTO, T. P. ; FORTES, N. G. S. ; SILVA, M. N. ; LEAO, M. P. C. ; Sousa, Adna Cristina Barbosa de . Análise citomorfológica de uma linhagem de Metarizium anisopliae isolada do solo de um sistema agroflorestal. In: II Encontro Pernambucano de Micologia - EPEM, 2012, Recife - PE. EPEM - II Encontro Pernambucano de Micologia, 2012.


80.
Sousa, Adna Cristina Barbosa de; Marcelo Ayres Carvalho ; Campos, T. ; Jank, L. ; Souza, Anete P. . Genetic Structure and Assembling of Core Collection of Tropical Forage Calopogonium mucunoides. In: 58 Congresso Brasileiro de Genética, 2012, Foz do Iguaçu. SBG - Genética e Sustentabilidade, 2012.


81.
TOLETO-SILVA G. ; Brito, SLC ; Braz, TGS ; Adna Cristina Barbosa de Sousa. ; Jank, L. ; Souza, Anete P. . Development of polymorphic microsatellite markers for genetic map construction in tropical forage Panicum maximum (Jacq.). In: 58 Congresso Brasileiro de Genética, 2012, Foz do Iguaçu - PR. SBG - Genética e Sustentabilidade, 2012.


82.
Campos, T. ; Azevedo, HSFS ; Ferreira Filho, JA ; Oliveira, MC ; Teixeira, RB ; Sousa ACB ; Assis, GML . Molecular diversity of forage peanut using microsatellite markers. In: 58 Congresso Brasileiro de Genética, 2012, Foz do Iguaçu - PR. SBG - Genética e Sustentabilidade, 2012.


83.
Sobierajski, GR ; Adna CB Sousa ; JUNGMANN, L. ; R, R. ; SOUZA, A. P. ; Garcia, A. F. G. . Desenvolvimento e uso de marcadores SSR e DART para estudo da estrutura genética em Macadamia integrifolia. In: XV Congresso Latinoamericano de Genética, 2012, Rosario - Argentina. Journal of Basic & applied Genetics. Argentina: ALAG, 2012. v. XXIII. p. 262.


84.
A. C. B. Sousa; CAMPOS, T. ; CARVALHO, M.A. ; JUNGMANN, L. ; JANK, L. ; Souza, Anete Pereira . Microsatellite markers: cross amplification and genetics studies in Centrosema pubescens. In: The International Symposium on the Molecular Breeding of Forage and Turf, 2010, Buenos Aires. The 6th International Symposium on the Molecular Breeding of Forage and Turf. Buenos Aires: Ediciones INTA, 2010, 2010. v. 633. p. 123-124.


85.
JUNGMANN, L. ; Vigna, B. B. Z. ; K R Boldrini ; Adna CB Sousa ; VALLE, C. ; Rosângela M. S. Resende ; Maria Sueli Pagliarini ; Zucchi, M. I. ; SOUZA, A. P. . A survey of a germplasm collection of Brachiaria humidicola (Rendle) Schweick. using microsatellite markers, cytogenetics, morphological traits and geographical origin. In: International Syposium on the Molecular Breeding of Forage an Turf, 2010, Buenos Aires. The 6th International Symposium on the Molecular Breeding of Forage and Turf. Buenos Aires: Ediciones INTA, 2010, 2010. v. 633. p. 22-22.


86.
Adna CB Sousa; Leomara França ; Claudio Takao Karia ; Allan Kardec Braga Ramos ; Ingrid Gonçalves Vasconcelos ; Marcelo Ayres Carvalho . Caracterização morfológica de acessos de Centrosema spp. armazenados no BAG de forrageiras da Embrapa Cerrados. In: I Congresso Brasileiro de Recursos Genéticos - CBRG, 2010, Salvador-BA. I Congresso Brasileiro de Recursos Genéticos - Bancos de Germoplasma: descobrir a riqueza, garantir o futuro, 2010.


87.
Formiga-Aquino, K. ; Farias, I. P. ; A. C. B. Sousa ; Alves-Gomes, J. A. ; Batista, J. S. . Locos microssatélites heterólogos em seis espécies de bagres migradores (Saluriformes: Pimelodidae) da Amazônia. In: 56 Congresso Brasileiro de Genética, 2010, Guarujá - SP. 56 Congresso Brasileiro de Genética. São Paulo: Sociedade Brasileira de Genética - SBG, 2010.


88.
Saulo, ACM ; Formiga-Aquino, K. ; Ortiz, M. F. ; A. C. B. Sousa ; Alves-Gomes, J. A. ; Batista, J. S. . Isolamento e caracterização de locos microssatélites para Pseudoplatystoma punctifer. In: 56 Congresso Brasileiro de Genética, 2010, Guarujá - SP. 56 Congresso Brasileiro de Genética - SBG. São Paulo: Sociedade Brasileira de Genética, 2010.


89.
Mendonça, BAA ; A. C. B. Sousa ; Pereira, JMA ; Ferreira, SB ; Souza, Anete P. ; Scarpassa VM . Variação genética temporal do vetor da dengue (Aedes aegypti, Diptera: Culicidae), estimada a partir de marcadores microssatélites em Manaus-AM, Brasil. In: 56 Congresso Brasileiro de Genética, 2010, Guarujá - SP. 56 Congresso Brasileiro de Genética. São Paulo: Sociedade Brasileira de Genética - SBG, 2010.


90.
Sforça, D. A. ; CAMPOS, T. ; OBLESSUC, P. R. ; A. C. B. Sousa ; Rubiano, LB ; Carbonell Sam ; Chioratto, A. F. ; Garcia, A. F. G. ; SOUZA, A. P. . Mapeamento de característica poligênicas de interesse agronômico em feijoeiro. In: 56 Congresso Brasileiro de Genética, 2010, Guarujá - SP. 56 Congresso Brasileiro de Genética. São Paulo: Sociedade Brasileira de Genética - SBG, 2010.


91.
Batista, J. S. ; Farias, I. P. ; Formiga-Aquino, K. ; A. C. B. Sousa ; Alves-Gomes, J. A. . Marcadores de DNA microssatélites para a dourada - Brachyplatystoma rousseauxii - (Saluriformes: Pimelodidae), o bagre de maior importância para a pesca na Amazônia: isolamento e caracterização de 30 locos polimórficos. In: 56 Congresso Brasileiro de Genética, 2010, Guarujá - SP. 56 Congresso Brasileiro de Genética. São Paulo: Sociedade Brasileira de Genética, 2010.


92.
Cardoza, TB ; A. C. B. Sousa ; CIDADE, F. W. ; CAMPOS, T. ; Lima, M. P. ; SOUZA, A. P. ; Scarpassa VM . Caracterização de locos microssatélites em Anopheles nuneztovari sensu lato (Diptera: Culicidae) da Amazônia, Brasil. In: 56 Congresso Brasileiro de Genética, 2010, Guarujá - SP. 56 Congresso Brasileiro de Genética. São Paulo: Sociedade Brasileira de Genética - SBG, 2010.


93.
Dantas LG ; A. C. B. Sousa ; Amorim LLB ; Benko-Iseppon AM ; Pedrosa-Harand A . Desenvolvimento de marcadores moleculares para análises populacionais em Podocarpus sellowii. In: XVIII ENGENE - Encontro de Ciências do Nordeste, 2010, Jequié - BA. XVIII ENGENE, 2010.


94.
Dantas LG ; A. C. B. Sousa ; Pedrosa-Harand A . Análise de diversidade populacional de Podocarpus sellowii do Nordeste brasileiro por meio de marcadores microssatélites. In: X Congreso Latinoamericano de Botânica, 2010, La Serena - Chile. Conservación y uso sustentable de la flora nativa latinoamericana, 2010.


95.
Sousa ACB; Sforça D. A. ; CAMPOS, T. ; JUNGMANN, L. ; Lorena Boaventura ; JANK, L. ; SOUZA, A. P. . Utilization of microsatellite markers in molecular characterization of Panicum maximum, a tropical forage grass. In: II Simpósio Brasileiro de Genética Molecular de Plantas, 2009, Búzios-RJ. II Simpósio Brasileiro de Genética Molecular de Plantas. são Paulo: Monsanto imagine, 2009. v. 1. p. 37.


96.
Ortiz, M. F. ; Batista, J. S. ; Rodrigues, F. C. ; Sousa ACB ; Silva, C. F. ; Guimarães, G. M. ; Formiga-Aquino, K. ; GOMES, J. A. A. . Desenvolvimento e caracterização de locos de microssatélites para Surubim, Pseudoplatystoma fasciatum (Linnaeus, 1766). In: XVIII Encontro Brasileiro de Ictiologia, 2009, Cuiabá - Mato Grosso. XVIII Encontro Brasileiro de Ictiologia, 2009.


97.
SOUSA, A. C. B.; Sforça, Danilo A. ; Lorena Boaventura ; CAMPOS, T. ; JUNGMANN, L. ; Godoy, R. ; JANK, L. ; Souza, Anete P. . Diversidade genética através de marcadores microssatélites entre 77 genótipos do banco de germoplasma de Cajanus cajan da Embrapa Pecuária Sudeste-SP.. In: 55° Congresso Brasileiro de Genética, 2009, Águas de Lindóia - SP. 55° Congresso Brasileiro de Genética.. São Paulo: SBG-Sociedade Brasileira de Genetica., 2009.


98.
Lorena Boaventura ; Adna CB Sousa ; JANK, L. ; SOUZA, A. P. . Desenvolvimento de marcadores microssatélites a partir de bibliotecas genômicas enriquecidas para Centrosema pubescens.. In: 55° Congresso Brasileiro de Genética, 2009, Águas de Lindóia. 55° Congresso Brasileiro de Genética. São Paulo: Sociedade Brasileira de Genética, 2009.


99.
Lima, MP ; Gliciane Borges ; Santos, CHA ; Sousa, CFS ; Almeida-Val VMF ; SOUSA, A. C. B. . Marcadores Microssatélites para a Piranha Vermelha Pygocentrus nattereri (KNER, 1858) (CHARACIFORMES: CHARACIDAE) da Amazônia.. In: 61ª Reunião Anual da SBPC, 2009, Manaus. 61ª Reunião Anual da Sociedade Brasileira de Pesquisa Científica, 2009.


100.
Sforça, Danilo A. ; Adna CB Sousa ; Boaventura, L. R. ; Godoy, R. ; JUNGMANN, L. ; JANK, L. ; SOUZA, A. P. . Avaliação da diversidade genética do banco de germoplasma de cajanus cajan utilizando marcadores microssatélites. In: IX Congresso Aberto aos Estudantes de Biologia, 2009, Campinas-SP. IX CAEB - Congresso Aberto aos Estudantes de Biologia, 2009.


101.
Campos, Tatiana ; OBLESSUC, P. R. ; Sforça D. A. ; Cardoso, J. M. K. ; Sousa, Adna CB ; Baroni, R. M. ; Carbonell Sam ; Chioratto, A. F. ; Garcia, A. F. G. ; BENCHIMOL, L. L. ; Souza, Anete P. . Desenvolvimento de marcadores moleculares microssátelites, mapeamento genético e mapeamento de características qualitativas em feijoeiro (Phaseolus vulgaris L.). In: 55° Congresso Brasileiro de Genética, 2009, Águas de Lindóia - SP. 55° Congresso Brasileiro de Genética, 2009.


102.
Sforça D. A. ; CAMPOS, T. ; OBLESSUC, P. R. ; Adna CB Sousa ; BENCHIMOL, L. L. ; Carbonell Sam ; Chioratto, A. F. ; Garcia, A. F. G. ; SOUZA, A. P. . Mapeamento de marcadores morfológicos referentes aos locos Ct, V e Fin e de características quantitativas de interesse agronômico em feijão comum. In: 55° Congresso Brasileiro de Genética, 2009, Águas de Lindóia - SP. 55° Congresso Brasileiro de Genética, 2009.


103.
Lorena Boaventura ; Sousa ACB ; SOUZA, A. P. . Caracterização de vinte e cinco genótipos de Panicum maximum através de marcadores microssatélites. In: XVI Congresso Interno de Iniciação da Unicamp 2008, 2008, Campinas-SP. PIBIC.


104.
Lorena Boaventura ; Sousa ACB ; Gliciane Borges ; JANK, L. ; SOUZA, A. P. . Caracterização molecular de 56 híbridos de Panicum maximum através de marcadores microssatélites. In: 54° Congresso Brasileiro de Genética, 2008, Salvador-BA. 54° Congresso Brasileiro de Genética, 2008.


105.
Gliciane Borges ; Sousa ACB ; Lorena Boaventura ; SOUZA, A. P. . Desenvolvimento de marcadores microssatélites a partir de uma biblioteca genômica enriquecida com trinucleotídeo para PAnicum maximum. In: 54° Congresso Brasileiro de Genética, 2008, Salvador-BA. 54° Congresso Brasileiro de Genética, 2008.


106.
CAMPOS, T. ; Sforça D. A. ; OBLESSUC, P. R. ; Cardoso, J. M. K. ; Sousa ACB ; Baroni, R. M. ; BENCHIMOL, L. L. ; Carbonell Sam ; Chioratto, A. F. ; SOUZA, A. P. . Desenvolvimento de um mapa genético em feijoeiro utilizando marcadores microssatélites. In: 54° Congresso Brasileiro de Genética, 2008, Salvador-BA. 54° Congresso Brasileiro de Genética, 2008.


107.
Lima, MP ; Gliciane Borges ; Sousa ACB ; Sousa, C.F. S. ; Santos Cha ; Santana, G. X ; Ferreira-Nozawa, M. S. ; Almeida Val, V. M. F. . Desenvolvimento de marcadores microssatelites para o Tucunaré (Cichla monoculus) da Amazônia. In: 54° Congresso Brasileiro de Genética, 2008, Salvador-BA. 54° Congresso Brasileiro de Genética, 2008.


108.
Sousa ACB; JANK, L. ; Lorena Boaventura ; Gliciane Borges ; JUNGMANN, L. ; SOUZA, A. P. . Caracterização molecular de genótipos tetraplóides conservados no germoplasma de Panicum maximum, uma forrageira tropical. In: 54° Congresso Brasileiro de Genética, 2008, Salvador-BA. 54° Congresso Brasileiro de Genética, 2008.


109.
CIDADE, F. W. ; Sousa ACB ; JUNGMANN, L. ; SOUZA-CHIES, T. T. ; SOUZA, A. P. . Desenvolvimento de Marcadores Microssatélites para Paspalum notatum FL. a partir de Bibliotecas Enriquecidas. In: 53° Congresso Brasileiro de Genética, 2007, Águas de Lindóia-SP. 53° Congresso Brasileiro de Genética, 2007.


110.
JUNGMANN, L. ; Francisco, P M ; Sousa ACB ; PAIVA, J. ; VALLE, C. ; SOUZA, A. P. . Development of microsatellites for Brachiaria brizantha and germoplasm diversity characterization of this tropical forage grass. In: The 5th International Symposium on the Molecular Breeding of Forage and Truf, 2007, Japão. MBFT 2007, 2007.


111.
Sousa ACB; JUNGMANN, L. ; CAMPOS, T. ; CIDADE, F. W. ; JANK, L. ; SOUZA, A. P. . Desenvolvimento de Marcadores Microssatélites a partir de Bibliotecas Genômicas Enriquecidas para Panicum maximum. In: 53° Congresso Brasileiro de Genética, 2007, Águas de Lindóia-SP. 53° Congresso Brasileiro de Genética, 2007.


112.
VIGNA, B. ; PAIVA, J. ; JUNGMANN, L. ; Sousa ACB ; VALLE, C. ; SOUZA, A. P. . Desenvolvimento e Caracterização de Microssatélites para Brachiaria humidicula, uma gramínea forrageira tropical. In: 53° Congresso Brasileiro de Genética, 2007, Águas de Lindóia-SP. 53° Congresso Brasileiro de Genética, 2007.


113.
Francisco, P M ; JUNGMANN, L. ; Sousa ACB ; PAIVA, J. ; VALLE, C. ; SOUZA, A. P. . Desenvolvimento de Microssatélites para Brachiaria brizantha e Caracterização da Diversidade do Germoplasma desta Forrageira Gramínea Tropical. In: 53° Congresso Brasileiro de Genética, 2007, Águas de Lindóia-SP. 53° Congresso Brasileiro de Genética, 2007.


114.
JUNGMANN, L. ; Sousa ACB ; PAIVA, J. ; VALLE, C. ; SOUZA, A. P. . Development and characterization of microsatellites for Brachiaria brizantha, a tropical forage grass. In: 52° Congresso Brasileiro de Genética, 2006, Foz do Iguaçu-PR. 52° Congresso Brasileiro de Genética, 2006.


115.
Sousa ACB; OLIVEIRA, N. T. ; Vila Nova, M. X. ; LIMA, E. A. L. A. . Diversidade Genética revelada através de microssatélites em Colletrotricum gloeosdporioides. In: 52° Congresso Brasileiro de Genética, 2006, Foz do Iguaçu-PR. 52° Congresso Brasileiro de Genética, 2006.


116.
Sousa ACB; OLIVEIRA, N. T. ; Vila Nova, M. X. ; BARROS, S. T. ; COSTA, A. F. ; BRASILEIRO, B. T. R. V. . Diversidade Genética em isolados de Colletotrichum gloeosporioides detectados com a utilização de RAPD(Random Amplified Polymorfic DNA). In: Congresso de Fitopatologia Brasileira, 2004, São Paulo. Fitopatologia Brasileira, 2004. v. 29. p. S98-S98.


117.
Sousa ACB; LIMA, E. A. L. A. . Comportamento de Beauveria bassiana e Beauveria brongniartii em cultura. In: Sociedade Brasileira para o progresso da Ciência -SBPC, 2003, Recife/PE. 55 Reunião Anual da SBPC, 2003.


118.
Sousa ACB; LIMA, E. A. L. A. ; OLIVEIRA, N. T. . Aspecto citológico de linhagens de Colletotrichum gloeosporioides em cultura. In: XXII Congresso Brasileiro de Microbiologia 2003, 2003, Florianópolis/SC. Anais do XXII Congresso Brasileiro de Microbiologia 2003, 2003.


119.
Sousa ACB; LIMA, E. A. L. A. . Aspecto morfológicos e atividade proteolítica de Beauveria bassiana e Beauveria brongniartii. In: XXII Congresso Braleiro de Microbiologia 2003, 2003, Florianópolis/SC. Anais do XXII Congresso Brasileiro de Microbiologia 2003, 2003.


120.
Sousa ACB; LIMA, E. A. L. A. ; FEIJO, F. M. ; ATHAYDE, A. C. R. ; Maciel, M.V. ; MELO, E. H. M. . Aspectos do comportamento de Metarhizium anisopliae var. anisopliae após infecção experimental em ovos, larvas e adultos de Chrysomya albiceps. In: XXII Congresso Brasileiro de Microbiologia 2003, 2003, Florianópolis/SC. Anais do XXII Congresso Brasileiro de Microbiologia 2003, 2003.


121.
Sousa ACB; ATHAYDE, A. C. R. ; MELO, E. H. M. ; LIMA, E. A. L. A. ; FEIJO, F. M. ; Maciel, M.V. . Viabilidade de Metarhizium flavoviride var. flavoviride após infecção experimental em ovos, larvas e adultos de Chrysomya albiceps. In: XXII Congresso Brasileiro de Microbiologia 2003, 2003, Florianópolis/SC. Anais do XXII Congresso Brasileiro de Microbiologia 2003, 2003.


122.
Sousa ACB; ISABEL, A. . Estudo relacionado à hemofilia. In: Feira cultural, 2000, Recife. Feira Cultural, 2000.


Apresentações de Trabalho

1.
BARROS, M. C. E. ; Sousa, Adna CB. ; LUNA-FREIRE, K. R. . APROVEITAMENTO DE RESÍDUOS AGROINDUSTRIAIS NA PRODUÇÃO DO COGUMELO COMESTÍVEL Pleurotus ostreatus (SHIMEJI PRETO). 2024. (Apresentação de Trabalho/Simpósio).


2.
CASTRO, A. B. P. ; SOUZA, L. C. ; RAMIRES, C. M. C. ; SOUSA, M. R. ; FREIRE, G. A. ; Sousa, Adna CB. . Alternativas naturais para o controle de pagas agrícolas: pulgões, mosca-branca e cochonilha. 2023. (Apresentação de Trabalho/Seminário).


3.
SOUZA, L. C. ; RAMIRES, C. M. C. ; SOUSA, M. R. ; FREIRE, G. A. ; Sousa, Adna CB. ; CASTRO, A. B. P. . Produção agroecológica de mudas de coqueiro verde no perímetro irrigado Varzeas de Sousa. 2023. (Apresentação de Trabalho/Seminário).


4.
ALBUQUERQUE, V. T. N. ; FERNANDES, J. V. F. ; GOMES, U. V. R. ; LUNA-FREIRE, K. R. ; Sousa, Adna CB. . AVALIAÇÃO FÍSICO-QUÍMICA DO COGUMELO COMESTÍVEL PLEUROTUS OSTREATUS VAR. FLORIDA (SHIMELI BRANCO) PRODUZIDOS EM SUBSTRATOS LIGNOCELULÓSICOS. 2023. (Apresentação de Trabalho/Congresso).


5.
FERNANDES, J. V. F. ; CASTRO, A. B. P. ; GOMES, U. V. R. ; LUNA-FREIRE, K. R. ; Sousa, Adna CB. . AVALIAÇÃO DE SUBSTRATOS E SUPLEMENTOS NA PRODUÇÃO DO COGUMELO COMESTÍVEL SHIMEJI-BRANCO (Pleurotus ostreatus var. florida). 2023. (Apresentação de Trabalho/Congresso).


6.
CASTRO, A. B. P. ; ALBUQUERQUE, V. T. N. ; GOMES, U. V. R. ; LUNA-FREIRE, K. R. ; Sousa, Adna CB. . ASPECTOS BIOLÓGICOS E PRODUTIVOS DO COGUMELO COMESTÍVEL Pholiota adiposa EM RESÍDUOS GERADOS A PARTIR DA PRODUÇÃO DO FEIJÃO E DA CERVEJA. 2023. (Apresentação de Trabalho/Congresso).


7.
Sousa, Adna Cristina barbosa de. Melhoramento Genético Vegetal: uma Alternativa Sustentável. 2014. (Apresentação de Trabalho/Simpósio).


8.
DE SOUSA, ADNA CRISTINA BARBOSA. Saúde - Inovação e Biotecnologia de Alimentos. 2014. (Apresentação de Trabalho/Conferência ou palestra).


9.
Sousa, Adna Cristina Barbosa. Ferramentas Genéticas Aplicadas ao Melhoramento Vegetal. 2013. (Apresentação de Trabalho/Conferência ou palestra).


10.
Sousa, Adna Cristina Barbosa. Biotecnologia e Melhoramento Vegetal. 2013. (Apresentação de Trabalho/Conferência ou palestra).


11.
Sousa, Adna Cristina Barbosa de. Estratégias Moleculares no Melhoramento Genético Vegetal. 2013. (Apresentação de Trabalho/Conferência ou palestra).


12.
Adna CB Sousa. Estudos Genéticos Moleculares em Forrageiras Tropicais. 2010. (Apresentação de Trabalho/Conferência ou palestra).


13.
Sousa ACB. Variabilidade Genética nas Coleções de Germoplasma de Cajanus cajan. 2009. (Apresentação de Trabalho/Conferência ou palestra).


14.
SOUSA, A. C. B.; JANK, L. ; Sforça, D. A. ; CAMPOS, T. ; JUNGMANN, L. ; SOUZA, A. P. . Caracterização Molecular do Banco de Germoplasma de Panicum Maximum Jacq.. 2009. (Apresentação de Trabalho/Conferência ou palestra).


15.
SOUSA, A. C. B.. Microsatellite Markers in Panicum maximum Jacq. (Poaceae): a study for the genetics diversity, germplasm conservation and breeding.. 2009. (Apresentação de Trabalho/Simpósio).


16.
Sousa ACB; JANK, L. ; Gliciane Borges ; Lorena Boaventura ; JUNGMANN, L. ; SOUZA, A. P. . Caracterização molecular de genótipos tetreplóides selecionados do germoplasma de PAnicum maximum. 2008. (Apresentação de Trabalho/Conferência ou palestra).


17.
Sousa ACB; CAMPOS, T. ; JUNGMANN, L. ; JANK, L. ; SOUZA, A. P. . Desenvolvimento e Caracterização de Marcadores Microssatélites para Panicum maximum. 2007. (Apresentação de Trabalho/Conferência ou palestra).



Produção técnica
Trabalhos técnicos

1.
Sousa, Adna Cristina barbosa de. Consultora Ad Hoc de projetos submetidos aos editais de bolsas de Iniciação Científica da Universidade do Estado do Amapá. 2023.


2.
Adna CB Sousa. PARECER ad hoc do capítulo de livro 'Ascomycota liquenizados para a Ecorregião Raso da Catarina, sertão Bahia, Brasil'. 2018.


3.
Sousa, Adna Cristina Barbosa de. Parecer Plano de Dissertação: DIVERSIDADE DE ASCOMYCOTA EM ESPÉCIES DE ARECACEAE NA ESTAÇÃO ECOLÓGICA RASO DA CATARINA, BAHIA, BRASIL. 2014.


4.
A. C. B. Sousa. Parecer Plano de Dissertação: ISOLAMENTO, CARACTERIZAÇÃO DE LOCOS MICROSSATÉLITES E ANÁLISE DA VARIABILIDADE GENÉTICA PARA Anopheles (N.) albitarsis s.l. (DIPTERA: CULICIDAE) DE DUAS POPULAÇÕES DA AMAZÔNIA BRASILEIRA. 2011.


Demais tipos de produção técnica

1.
Adna CB Sousa. Livro Ecologia e Biodiversidade do Semiárido Nordestino - Volume III - Fungos e Liquens. 2018. (Membro da Comissão Científica).


2.
Sousa, Adna Cristina Barbosa de. Marcadores Microssatélites em Forrageiras: genotipagem e interpretação de dados. 2015. .


3.
Sousa, Adna Cristina Barbosa de. Tecnologias do DNA recombinante: uma visão geral de seus princípios no melhoramento genético vegetal. 2014. (Curso de curta duração ministrado/Outra).


4.
Adna Cristina Barbosa de Sousa.. Hibridização in situ fluorescente (FISH) em plantas: desafios e perspectivas. 2014. (Curso de curta duração ministrado/Outra).


5.
Sousa ACB; SOUZA, A. P. . Construção de bancos enriquecidos em microssatélites de eucariotos. 2008. (Curso de curta duração ministrado/Outra).


6.
Sousa ACB; SOUZA, A. P. . Tópicos Especiais em Genética - Construção de bancos enriquecidos em microssatélites de eucariotos.. 2007. (Curso de curta duração ministrado/Outra)."
